dataset_key,dataset,variant,seed,p,gate_type,measure_bases,frontend_mode,total_params,tta_mode,n_test,accuracy,balanced_accuracy,macro_f1,eval_time_sec,checkpoint_folder,model_path
overhead,Overhead-MNIST,S2Q-SEQNN-Adaptive,42,0.0,CX,x,conv,1015,rot4,557,0.9317773788150808,0.931644144144144,0.9314517213620352,37.583823919296265,src/sq_seqnn_outputs/overhead_seqnn5_main__overhead_adaptive__seed42,src/sq_seqnn_outputs/overhead_seqnn5_main__overhead_adaptive__seed42/sq_seqnn_overhead.pt
overhead,Overhead-MNIST,S2Q-SEQNN-Adaptive,42,0.001,CX,x,conv,1015,rot4,557,0.9299820466786356,0.9298584298584298,0.9297169826707748,3812.8458926677695,src/sq_seqnn_outputs/overhead_seqnn5_main__overhead_adaptive__seed42,src/sq_seqnn_outputs/overhead_seqnn5_main__overhead_adaptive__seed42/sq_seqnn_overhead.pt
overhead,Overhead-MNIST,S2Q-SEQNN-Adaptive,42,0.005,CX,x,conv,1015,rot4,557,0.9317773788150808,0.9316763191763192,0.9316669002115754,3877.529925107956,src/sq_seqnn_outputs/overhead_seqnn5_main__overhead_adaptive__seed42,src/sq_seqnn_outputs/overhead_seqnn5_main__overhead_adaptive__seed42/sq_seqnn_overhead.pt
overhead,Overhead-MNIST,S2Q-SEQNN-Adaptive,42,0.01,CX,x,conv,1015,rot4,557,0.9317773788150808,0.9316924066924066,0.9316738613093136,3836.065527677536,src/sq_seqnn_outputs/overhead_seqnn5_main__overhead_adaptive__seed42,src/sq_seqnn_outputs/overhead_seqnn5_main__overhead_adaptive__seed42/sq_seqnn_overhead.pt
overhead,Overhead-MNIST,S2Q-SEQNN-Adaptive,43,0.0,CX,x,conv,1015,rot4,557,0.881508078994614,0.8813384813384815,0.8796689252569081,39.89220380783081,src/sq_seqnn_outputs/overhead_seqnn5_main__overhead_adaptive__seed43,src/sq_seqnn_outputs/overhead_seqnn5_main__overhead_adaptive__seed43/sq_seqnn_overhead.pt
overhead,Overhead-MNIST,S2Q-SEQNN-Adaptive,43,0.001,CX,x,conv,1015,rot4,557,0.8797127468581688,0.8795527670527669,0.8780660378686032,3841.223922967911,src/sq_seqnn_outputs/overhead_seqnn5_main__overhead_adaptive__seed43,src/sq_seqnn_outputs/overhead_seqnn5_main__overhead_adaptive__seed43/sq_seqnn_overhead.pt
overhead,Overhead-MNIST,S2Q-SEQNN-Adaptive,43,0.005,CX,x,conv,1015,rot4,557,0.8850987432675045,0.885006435006435,0.8841626316620376,4530.324959278107,src/sq_seqnn_outputs/overhead_seqnn5_main__overhead_adaptive__seed43,src/sq_seqnn_outputs/overhead_seqnn5_main__overhead_adaptive__seed43/sq_seqnn_overhead.pt
overhead,Overhead-MNIST,S2Q-SEQNN-Adaptive,43,0.01,CX,x,conv,1015,rot4,557,0.8725314183123878,0.8725707850707851,0.8721451541595198,4255.308170080185,src/sq_seqnn_outputs/overhead_seqnn5_main__overhead_adaptive__seed43,src/sq_seqnn_outputs/overhead_seqnn5_main__overhead_adaptive__seed43/sq_seqnn_overhead.pt
overhead,Overhead-MNIST,S2Q-SEQNN-Adaptive,44,0.0,CX,x,conv,1015,rot4,557,0.9371633752244164,0.937065637065637,0.936469232081138,41.83722400665283,src/sq_seqnn_outputs/overhead_seqnn5_main__overhead_adaptive__seed44,src/sq_seqnn_outputs/overhead_seqnn5_main__overhead_adaptive__seed44/sq_seqnn_overhead.pt
overhead,Overhead-MNIST,S2Q-SEQNN-Adaptive,44,0.001,CX,x,conv,1015,rot4,557,0.9371633752244164,0.937065637065637,0.9365637466740306,3423.753925085068,src/sq_seqnn_outputs/overhead_seqnn5_main__overhead_adaptive__seed44,src/sq_seqnn_outputs/overhead_seqnn5_main__overhead_adaptive__seed44/sq_seqnn_overhead.pt
overhead,Overhead-MNIST,S2Q-SEQNN-Adaptive,44,0.005,CX,x,conv,1015,rot4,557,0.9353680430879712,0.9353120978120976,0.93492309985283,21683.81070137024,src/sq_seqnn_outputs/overhead_seqnn5_main__overhead_adaptive__seed44,src/sq_seqnn_outputs/overhead_seqnn5_main__overhead_adaptive__seed44/sq_seqnn_overhead.pt
overhead,Overhead-MNIST,S2Q-SEQNN-Adaptive,44,0.01,CX,x,conv,1015,rot4,557,0.9299820466786356,0.929954954954955,0.9296026581907416,3824.3803012371054,src/sq_seqnn_outputs/overhead_seqnn5_main__overhead_adaptive__seed44,src/sq_seqnn_outputs/overhead_seqnn5_main__overhead_adaptive__seed44/sq_seqnn_overhead.pt
overhead,Overhead-MNIST,S2Q-SEQNN-Adaptive,45,0.0,CX,x,conv,1015,rot4,557,0.9245960502692998,0.9244851994851996,0.9238198627501688,43.07081079483032,src/sq_seqnn_outputs/overhead_seqnn5_main__overhead_adaptive__seed45,src/sq_seqnn_outputs/overhead_seqnn5_main__overhead_adaptive__seed45/sq_seqnn_overhead.pt
overhead,Overhead-MNIST,S2Q-SEQNN-Adaptive,45,0.001,CX,x,conv,1015,rot4,557,0.926391382405745,0.9262709137709138,0.925561043025832,3869.448923587799,src/sq_seqnn_outputs/overhead_seqnn5_main__overhead_adaptive__seed45,src/sq_seqnn_outputs/overhead_seqnn5_main__overhead_adaptive__seed45/sq_seqnn_overhead.pt
overhead,Overhead-MNIST,S2Q-SEQNN-Adaptive,45,0.005,CX,x,conv,1015,rot4,557,0.9281867145421904,0.9280727155727156,0.9276123881683016,3500.230157852173,src/sq_seqnn_outputs/overhead_seqnn5_main__overhead_adaptive__seed45,src/sq_seqnn_outputs/overhead_seqnn5_main__overhead_adaptive__seed45/sq_seqnn_overhead.pt
overhead,Overhead-MNIST,S2Q-SEQNN-Adaptive,45,0.01,CX,x,conv,1015,rot4,557,0.9245960502692998,0.9245173745173744,0.9240657050165656,4581.986199617386,src/sq_seqnn_outputs/overhead_seqnn5_main__overhead_adaptive__seed45,src/sq_seqnn_outputs/overhead_seqnn5_main__overhead_adaptive__seed45/sq_seqnn_overhead.pt
overhead,Overhead-MNIST,S2Q-SEQNN-Adaptive,46,0.0,CX,x,conv,1015,rot4,557,0.8850987432675045,0.8850868725868727,0.8843379785774156,59.7859799861908,src/sq_seqnn_outputs/overhead_seqnn5_main__overhead_adaptive__seed46,src/sq_seqnn_outputs/overhead_seqnn5_main__overhead_adaptive__seed46/sq_seqnn_overhead.pt
overhead,Overhead-MNIST,S2Q-SEQNN-Adaptive,46,0.001,CX,x,conv,1015,rot4,557,0.8779174147217235,0.8778957528957528,0.8767722240484973,3746.017060041428,src/sq_seqnn_outputs/overhead_seqnn5_main__overhead_adaptive__seed46,src/sq_seqnn_outputs/overhead_seqnn5_main__overhead_adaptive__seed46/sq_seqnn_overhead.pt
overhead,Overhead-MNIST,S2Q-SEQNN-Adaptive,46,0.005,CX,x,conv,1015,rot4,557,0.874326750448833,0.8742599742599744,0.872811269715935,3427.9562368392944,src/sq_seqnn_outputs/overhead_seqnn5_main__overhead_adaptive__seed46,src/sq_seqnn_outputs/overhead_seqnn5_main__overhead_adaptive__seed46/sq_seqnn_overhead.pt
overhead,Overhead-MNIST,S2Q-SEQNN-Adaptive,46,0.01,CX,x,conv,1015,rot4,557,0.8671454219030521,0.8670849420849421,0.8652680261086981,3421.625406265259,src/sq_seqnn_outputs/overhead_seqnn5_main__overhead_adaptive__seed46,src/sq_seqnn_outputs/overhead_seqnn5_main__overhead_adaptive__seed46/sq_seqnn_overhead.pt
overhead,Overhead-MNIST,S2Q-SEQNN-Adaptive,47,0.0,CX,x,conv,1015,rot4,557,0.9084380610412928,0.9083655083655084,0.9080169579430116,54.06074500083923,src/sq_seqnn_outputs/overhead_seqnn5_main__overhead_adaptive__seed47,src/sq_seqnn_outputs/overhead_seqnn5_main__overhead_adaptive__seed47/sq_seqnn_overhead.pt
overhead,Overhead-MNIST,S2Q-SEQNN-Adaptive,47,0.001,CX,x,conv,1015,rot4,557,0.9084380610412928,0.908381595881596,0.9080511695045476,3853.6600890159607,src/sq_seqnn_outputs/overhead_seqnn5_main__overhead_adaptive__seed47,src/sq_seqnn_outputs/overhead_seqnn5_main__overhead_adaptive__seed47/sq_seqnn_overhead.pt
overhead,Overhead-MNIST,S2Q-SEQNN-Adaptive,47,0.005,CX,x,conv,1015,rot4,557,0.9012567324955116,0.9012548262548264,0.9008253967029228,3855.1169254779816,src/sq_seqnn_outputs/overhead_seqnn5_main__overhead_adaptive__seed47,src/sq_seqnn_outputs/overhead_seqnn5_main__overhead_adaptive__seed47/sq_seqnn_overhead.pt
overhead,Overhead-MNIST,S2Q-SEQNN-Adaptive,47,0.01,CX,x,conv,1015,rot4,557,0.8904847396768402,0.8905727155727157,0.8910059981528956,3748.855007886887,src/sq_seqnn_outputs/overhead_seqnn5_main__overhead_adaptive__seed47,src/sq_seqnn_outputs/overhead_seqnn5_main__overhead_adaptive__seed47/sq_seqnn_overhead.pt
overhead,Overhead-MNIST,S2Q-SEQNN-Adaptive,48,0.0,CX,x,conv,1015,rot4,557,0.9012567324955116,0.9013191763191764,0.9013102234368616,38.14528179168701,src/sq_seqnn_outputs/overhead_seqnn5_main__overhead_adaptive__seed48,src/sq_seqnn_outputs/overhead_seqnn5_main__overhead_adaptive__seed48/sq_seqnn_overhead.pt
overhead,Overhead-MNIST,S2Q-SEQNN-Adaptive,48,0.001,CX,x,conv,1015,rot4,557,0.9012567324955116,0.9013191763191764,0.9013670175833516,4098.437196969986,src/sq_seqnn_outputs/overhead_seqnn5_main__overhead_adaptive__seed48,src/sq_seqnn_outputs/overhead_seqnn5_main__overhead_adaptive__seed48/sq_seqnn_overhead.pt
overhead,Overhead-MNIST,S2Q-SEQNN-Adaptive,48,0.005,CX,x,conv,1015,rot4,557,0.9012567324955116,0.9013191763191764,0.9013670175833516,3913.470731258392,src/sq_seqnn_outputs/overhead_seqnn5_main__overhead_adaptive__seed48,src/sq_seqnn_outputs/overhead_seqnn5_main__overhead_adaptive__seed48/sq_seqnn_overhead.pt
overhead,Overhead-MNIST,S2Q-SEQNN-Adaptive,48,0.01,CX,x,conv,1015,rot4,557,0.8868940754039497,0.8870173745173746,0.8864203876765734,3399.6888678073883,src/sq_seqnn_outputs/overhead_seqnn5_main__overhead_adaptive__seed48,src/sq_seqnn_outputs/overhead_seqnn5_main__overhead_adaptive__seed48/sq_seqnn_overhead.pt
overhead,Overhead-MNIST,S2Q-SEQNN-Adaptive,49,0.0,CX,x,conv,1015,rot4,557,0.9497307001795332,0.9496782496782498,0.9495546461453332,42.30697298049927,src/sq_seqnn_outputs/overhead_seqnn5_main__overhead_adaptive__seed49,src/sq_seqnn_outputs/overhead_seqnn5_main__overhead_adaptive__seed49/sq_seqnn_overhead.pt
overhead,Overhead-MNIST,S2Q-SEQNN-Adaptive,49,0.001,CX,x,conv,1015,rot4,557,0.9515260323159784,0.9514800514800514,0.9513752646655872,3469.5364232063293,src/sq_seqnn_outputs/overhead_seqnn5_main__overhead_adaptive__seed49,src/sq_seqnn_outputs/overhead_seqnn5_main__overhead_adaptive__seed49/sq_seqnn_overhead.pt
overhead,Overhead-MNIST,S2Q-SEQNN-Adaptive,49,0.005,CX,x,conv,1015,rot4,557,0.940754039497307,0.9407657657657656,0.9404025061429564,19230.14672112465,src/sq_seqnn_outputs/overhead_seqnn5_main__overhead_adaptive__seed49,src/sq_seqnn_outputs/overhead_seqnn5_main__overhead_adaptive__seed49/sq_seqnn_overhead.pt
overhead,Overhead-MNIST,S2Q-SEQNN-Adaptive,49,0.01,CX,x,conv,1015,rot4,557,0.9371633752244164,0.9371943371943372,0.936608459642693,3793.5517501831055,src/sq_seqnn_outputs/overhead_seqnn5_main__overhead_adaptive__seed49,src/sq_seqnn_outputs/overhead_seqnn5_main__overhead_adaptive__seed49/sq_seqnn_overhead.pt
overhead,Overhead-MNIST,S2Q-SEQNN-Adaptive,50,0.0,CX,x,conv,1015,rot4,557,0.9245960502692998,0.924501287001287,0.9241357354826912,29.451685667037964,src/sq_seqnn_outputs/overhead_seqnn5_main__overhead_adaptive__seed50,src/sq_seqnn_outputs/overhead_seqnn5_main__overhead_adaptive__seed50/sq_seqnn_overhead.pt
overhead,Overhead-MNIST,S2Q-SEQNN-Adaptive,50,0.001,CX,x,conv,1015,rot4,557,0.9245960502692998,0.924501287001287,0.9241357354826912,3655.615447282791,src/sq_seqnn_outputs/overhead_seqnn5_main__overhead_adaptive__seed50,src/sq_seqnn_outputs/overhead_seqnn5_main__overhead_adaptive__seed50/sq_seqnn_overhead.pt
overhead,Overhead-MNIST,S2Q-SEQNN-Adaptive,50,0.005,CX,x,conv,1015,rot4,557,0.9245960502692998,0.9245173745173746,0.9239729063086763,3843.3222398757935,src/sq_seqnn_outputs/overhead_seqnn5_main__overhead_adaptive__seed50,src/sq_seqnn_outputs/overhead_seqnn5_main__overhead_adaptive__seed50/sq_seqnn_overhead.pt
overhead,Overhead-MNIST,S2Q-SEQNN-Adaptive,50,0.01,CX,x,conv,1015,rot4,557,0.919210053859964,0.919144144144144,0.9186125269695876,4280.94747877121,src/sq_seqnn_outputs/overhead_seqnn5_main__overhead_adaptive__seed50,src/sq_seqnn_outputs/overhead_seqnn5_main__overhead_adaptive__seed50/sq_seqnn_overhead.pt
overhead,Overhead-MNIST,S2Q-SEQNN-Adaptive,51,0.0,CX,x,conv,1015,rot4,557,0.8850987432675045,0.8851351351351351,0.8839176654048518,62.22824478149414,src/sq_seqnn_outputs/overhead_seqnn5_main__overhead_adaptive__seed51,src/sq_seqnn_outputs/overhead_seqnn5_main__overhead_adaptive__seed51/sq_seqnn_overhead.pt
overhead,Overhead-MNIST,S2Q-SEQNN-Adaptive,51,0.001,CX,x,conv,1015,rot4,557,0.8850987432675045,0.8851351351351351,0.8839176654048518,3460.9460656642914,src/sq_seqnn_outputs/overhead_seqnn5_main__overhead_adaptive__seed51,src/sq_seqnn_outputs/overhead_seqnn5_main__overhead_adaptive__seed51/sq_seqnn_overhead.pt
overhead,Overhead-MNIST,S2Q-SEQNN-Adaptive,51,0.005,CX,x,conv,1015,rot4,557,0.8850987432675045,0.8851351351351351,0.8839176654048518,3443.2507934570312,src/sq_seqnn_outputs/overhead_seqnn5_main__overhead_adaptive__seed51,src/sq_seqnn_outputs/overhead_seqnn5_main__overhead_adaptive__seed51/sq_seqnn_overhead.pt
overhead,Overhead-MNIST,S2Q-SEQNN-Adaptive,51,0.01,CX,x,conv,1015,rot4,557,0.881508078994614,0.8815637065637066,0.8806632865120319,3435.7341768741608,src/sq_seqnn_outputs/overhead_seqnn5_main__overhead_adaptive__seed51,src/sq_seqnn_outputs/overhead_seqnn5_main__overhead_adaptive__seed51/sq_seqnn_overhead.pt
sat6,SAT-6,S2Q-SEQNN-Both,42,0.0,XX,x,shapelet,1287,none,1200,0.965,0.965,0.9651080226652744,32.97237968444824,src/sq_seqnn_outputs/sat6_default_main__sat6__seed42,src/sq_seqnn_outputs/sat6_default_main__sat6__seed42/sq_seqnn_sat6.pt
sat6,SAT-6,S2Q-SEQNN-Both,42,0.001,XX,x,shapelet,1287,none,1200,0.965,0.965,0.9651036626627224,63810.09073925018,src/sq_seqnn_outputs/sat6_default_main__sat6__seed42,src/sq_seqnn_outputs/sat6_default_main__sat6__seed42/sq_seqnn_sat6.pt
sat6,SAT-6,S2Q-SEQNN-Both,42,0.005,XX,x,shapelet,1287,none,1200,0.9608333333333332,0.9608333333333332,0.9608757156040078,67281.57486486435,src/sq_seqnn_outputs/sat6_default_main__sat6__seed42,src/sq_seqnn_outputs/sat6_default_main__sat6__seed42/sq_seqnn_sat6.pt
sat6,SAT-6,S2Q-SEQNN-Both,42,0.01,XX,x,shapelet,1287,none,1200,0.9516666666666668,0.9516666666666668,0.9517814310718778,71229.22509765625,src/sq_seqnn_outputs/sat6_default_main__sat6__seed42,src/sq_seqnn_outputs/sat6_default_main__sat6__seed42/sq_seqnn_sat6.pt
sat6,SAT-6,S2Q-SEQNN-Both,43,0.0,XX,x,shapelet,1287,none,1200,0.9658333333333332,0.9658333333333332,0.9658607973058096,29.11204171180725,src/sq_seqnn_outputs/sat6_default_main__sat6__seed43,src/sq_seqnn_outputs/sat6_default_main__sat6__seed43/sq_seqnn_sat6.pt
sat6,SAT-6,S2Q-SEQNN-Both,43,0.001,XX,x,shapelet,1287,none,1200,0.965,0.965,0.9650389719126397,59838.54626870155,src/sq_seqnn_outputs/sat6_default_main__sat6__seed43,src/sq_seqnn_outputs/sat6_default_main__sat6__seed43/sq_seqnn_sat6.pt
sat6,SAT-6,S2Q-SEQNN-Both,43,0.005,XX,x,shapelet,1287,none,1200,0.955,0.955,0.955231919961088,62878.869161129,src/sq_seqnn_outputs/sat6_default_main__sat6__seed43,src/sq_seqnn_outputs/sat6_default_main__sat6__seed43/sq_seqnn_sat6.pt
sat6,SAT-6,S2Q-SEQNN-Both,43,0.01,XX,x,shapelet,1287,none,1200,0.9425,0.9425,0.9430726598216904,63927.24092268944,src/sq_seqnn_outputs/sat6_default_main__sat6__seed43,src/sq_seqnn_outputs/sat6_default_main__sat6__seed43/sq_seqnn_sat6.pt
sat6,SAT-6,S2Q-SEQNN-Both,44,0.0,XX,x,shapelet,1287,none,1200,0.9666666666666668,0.9666666666666668,0.9666336868398226,33.54866981506348,src/sq_seqnn_outputs/sat6_default_main__sat6__seed44,src/sq_seqnn_outputs/sat6_default_main__sat6__seed44/sq_seqnn_sat6.pt
sat6,SAT-6,S2Q-SEQNN-Both,44,0.001,XX,x,shapelet,1287,none,1200,0.965,0.965,0.9650118083236976,60131.8874104023,src/sq_seqnn_outputs/sat6_default_main__sat6__seed44,src/sq_seqnn_outputs/sat6_default_main__sat6__seed44/sq_seqnn_sat6.pt
sat6,SAT-6,S2Q-SEQNN-Both,44,0.005,XX,x,shapelet,1287,none,1200,0.965,0.965,0.9650360024132882,47792.20552253723,src/sq_seqnn_outputs/sat6_default_main__sat6__seed44,src/sq_seqnn_outputs/sat6_default_main__sat6__seed44/sq_seqnn_sat6.pt
sat6,SAT-6,S2Q-SEQNN-Both,44,0.01,XX,x,shapelet,1287,none,1200,0.96,0.96,0.9601368826886764,68074.49549674988,src/sq_seqnn_outputs/sat6_default_main__sat6__seed44,src/sq_seqnn_outputs/sat6_default_main__sat6__seed44/sq_seqnn_sat6.pt
sat6,SAT-6,S2Q-SEQNN-Both,45,0.0,XX,x,shapelet,1287,none,1200,0.97,0.97,0.9699608558405778,35.23345446586609,src/sq_seqnn_outputs/sat6_default_main__sat6__seed45,src/sq_seqnn_outputs/sat6_default_main__sat6__seed45/sq_seqnn_sat6.pt
sat6,SAT-6,S2Q-SEQNN-Both,45,0.001,XX,x,shapelet,1287,none,1200,0.97,0.97,0.9699407106412068,67357.70087194443,src/sq_seqnn_outputs/sat6_default_main__sat6__seed45,src/sq_seqnn_outputs/sat6_default_main__sat6__seed45/sq_seqnn_sat6.pt
sat6,SAT-6,S2Q-SEQNN-Both,45,0.005,XX,x,shapelet,1287,none,1200,0.9683333333333334,0.9683333333333334,0.9682707040182242,66952.56753396988,src/sq_seqnn_outputs/sat6_default_main__sat6__seed45,src/sq_seqnn_outputs/sat6_default_main__sat6__seed45/sq_seqnn_sat6.pt
sat6,SAT-6,S2Q-SEQNN-Both,45,0.01,XX,x,shapelet,1287,none,1200,0.9683333333333334,0.9683333333333334,0.9682807305634068,64396.39940142632,src/sq_seqnn_outputs/sat6_default_main__sat6__seed45,src/sq_seqnn_outputs/sat6_default_main__sat6__seed45/sq_seqnn_sat6.pt
sat6,SAT-6,S2Q-SEQNN-Both,46,0.0,XX,x,shapelet,1287,none,1200,0.9508333333333332,0.9508333333333332,0.9505419488370168,24.24438166618347,src/sq_seqnn_outputs/sat6_default_main__sat6__seed46,src/sq_seqnn_outputs/sat6_default_main__sat6__seed46/sq_seqnn_sat6.pt
sat6,SAT-6,S2Q-SEQNN-Both,46,0.001,XX,x,shapelet,1287,none,1200,0.95,0.9499999999999998,0.9495334128445766,62326.00936579704,src/sq_seqnn_outputs/sat6_default_main__sat6__seed46,src/sq_seqnn_outputs/sat6_default_main__sat6__seed46/sq_seqnn_sat6.pt
sat6,SAT-6,S2Q-SEQNN-Both,46,0.005,XX,x,shapelet,1287,none,1200,0.9483333333333334,0.9483333333333334,0.94761618482986,57894.17820048332,src/sq_seqnn_outputs/sat6_default_main__sat6__seed46,src/sq_seqnn_outputs/sat6_default_main__sat6__seed46/sq_seqnn_sat6.pt
sat6,SAT-6,S2Q-SEQNN-Both,46,0.01,XX,x,shapelet,1287,none,1200,0.9333333333333332,0.9333333333333336,0.9318361386218412,61695.339270591736,src/sq_seqnn_outputs/sat6_default_main__sat6__seed46,src/sq_seqnn_outputs/sat6_default_main__sat6__seed46/sq_seqnn_sat6.pt
sat6,SAT-6,S2Q-SEQNN-Both,47,0.0,XX,x,shapelet,1287,none,1200,0.9666666666666668,0.9666666666666668,0.9665650494693906,41.36317944526672,src/sq_seqnn_outputs/sat6_default_main__sat6__seed47,src/sq_seqnn_outputs/sat6_default_main__sat6__seed47/sq_seqnn_sat6.pt
sat6,SAT-6,S2Q-SEQNN-Both,47,0.001,XX,x,shapelet,1287,none,1200,0.9666666666666668,0.9666666666666668,0.9665650494693906,67893.96608352661,src/sq_seqnn_outputs/sat6_default_main__sat6__seed47,src/sq_seqnn_outputs/sat6_default_main__sat6__seed47/sq_seqnn_sat6.pt
sat6,SAT-6,S2Q-SEQNN-Both,47,0.005,XX,x,shapelet,1287,none,1200,0.9666666666666668,0.9666666666666668,0.966604284356375,69395.25978660583,src/sq_seqnn_outputs/sat6_default_main__sat6__seed47,src/sq_seqnn_outputs/sat6_default_main__sat6__seed47/sq_seqnn_sat6.pt
sat6,SAT-6,S2Q-SEQNN-Both,47,0.01,XX,x,shapelet,1287,none,1200,0.9675,0.9675,0.9674780762785744,68388.92848277092,src/sq_seqnn_outputs/sat6_default_main__sat6__seed47,src/sq_seqnn_outputs/sat6_default_main__sat6__seed47/sq_seqnn_sat6.pt
sat6,SAT-6,S2Q-SEQNN-Both,48,0.0,XX,x,shapelet,1287,none,1200,0.9716666666666668,0.9716666666666668,0.971539152867358,29.947535514831543,src/sq_seqnn_outputs/sat6_default_main__sat6__seed48,src/sq_seqnn_outputs/sat6_default_main__sat6__seed48/sq_seqnn_sat6.pt
sat6,SAT-6,S2Q-SEQNN-Both,48,0.001,XX,x,shapelet,1287,none,1200,0.97,0.97,0.9698724757839596,62243.32399559021,src/sq_seqnn_outputs/sat6_default_main__sat6__seed48,src/sq_seqnn_outputs/sat6_default_main__sat6__seed48/sq_seqnn_sat6.pt
sat6,SAT-6,S2Q-SEQNN-Both,48,0.005,XX,x,shapelet,1287,none,1200,0.9683333333333334,0.9683333333333334,0.96822359306759,62895.49307227135,src/sq_seqnn_outputs/sat6_default_main__sat6__seed48,src/sq_seqnn_outputs/sat6_default_main__sat6__seed48/sq_seqnn_sat6.pt
sat6,SAT-6,S2Q-SEQNN-Both,48,0.01,XX,x,shapelet,1287,none,1200,0.9641666666666666,0.9641666666666668,0.9640566527710712,60039.60103034973,src/sq_seqnn_outputs/sat6_default_main__sat6__seed48,src/sq_seqnn_outputs/sat6_default_main__sat6__seed48/sq_seqnn_sat6.pt
sat6,SAT-6,S2Q-SEQNN-Both,49,0.0,XX,x,shapelet,1287,none,1200,0.9641666666666666,0.9641666666666668,0.9641970512745645,33.89683270454407,src/sq_seqnn_outputs/sat6_default_main__sat6__seed49,src/sq_seqnn_outputs/sat6_default_main__sat6__seed49/sq_seqnn_sat6.pt
sat6,SAT-6,S2Q-SEQNN-Both,49,0.001,XX,x,shapelet,1287,none,1200,0.9625,0.9625,0.9625103379939512,62934.77261590958,src/sq_seqnn_outputs/sat6_default_main__sat6__seed49,src/sq_seqnn_outputs/sat6_default_main__sat6__seed49/sq_seqnn_sat6.pt
sat6,SAT-6,S2Q-SEQNN-Both,49,0.005,XX,x,shapelet,1287,none,1200,0.96,0.96,0.9600748627500904,57277.85119080544,src/sq_seqnn_outputs/sat6_default_main__sat6__seed49,src/sq_seqnn_outputs/sat6_default_main__sat6__seed49/sq_seqnn_sat6.pt
sat6,SAT-6,S2Q-SEQNN-Both,49,0.01,XX,x,shapelet,1287,none,1200,0.9566666666666668,0.9566666666666668,0.9567627184273068,67367.67223858833,src/sq_seqnn_outputs/sat6_default_main__sat6__seed49,src/sq_seqnn_outputs/sat6_default_main__sat6__seed49/sq_seqnn_sat6.pt
sat6,SAT-6,S2Q-SEQNN-Both,50,0.0,XX,x,shapelet,1287,none,1200,0.955,0.955,0.9549895704193724,25.019469738006592,src/sq_seqnn_outputs/sat6_default_main__sat6__seed50,src/sq_seqnn_outputs/sat6_default_main__sat6__seed50/sq_seqnn_sat6.pt
sat6,SAT-6,S2Q-SEQNN-Both,50,0.001,XX,x,shapelet,1287,none,1200,0.9541666666666668,0.9541666666666666,0.9541692156220826,66585.95943236351,src/sq_seqnn_outputs/sat6_default_main__sat6__seed50,src/sq_seqnn_outputs/sat6_default_main__sat6__seed50/sq_seqnn_sat6.pt
sat6,SAT-6,S2Q-SEQNN-Both,50,0.005,XX,x,shapelet,1287,none,1200,0.9533333333333334,0.9533333333333336,0.9533102656837288,65599.63166189194,src/sq_seqnn_outputs/sat6_default_main__sat6__seed50,src/sq_seqnn_outputs/sat6_default_main__sat6__seed50/sq_seqnn_sat6.pt
sat6,SAT-6,S2Q-SEQNN-Both,50,0.01,XX,x,shapelet,1287,none,1200,0.9508333333333332,0.9508333333333332,0.9507825157491574,64272.1027700901,src/sq_seqnn_outputs/sat6_default_main__sat6__seed50,src/sq_seqnn_outputs/sat6_default_main__sat6__seed50/sq_seqnn_sat6.pt
sat6,SAT-6,S2Q-SEQNN-Both,51,0.0,XX,x,shapelet,1287,none,1200,0.96,0.96,0.9600664912501626,25.479204654693604,src/sq_seqnn_outputs/sat6_default_main__sat6__seed51,src/sq_seqnn_outputs/sat6_default_main__sat6__seed51/sq_seqnn_sat6.pt
sat6,SAT-6,S2Q-SEQNN-Both,51,0.001,XX,x,shapelet,1287,none,1200,0.9591666666666666,0.9591666666666666,0.9592325276147022,60351.5941221714,src/sq_seqnn_outputs/sat6_default_main__sat6__seed51,src/sq_seqnn_outputs/sat6_default_main__sat6__seed51/sq_seqnn_sat6.pt
sat6,SAT-6,S2Q-SEQNN-Both,51,0.005,XX,x,shapelet,1287,none,1200,0.9566666666666668,0.9566666666666668,0.9567169726245154,61149.54976773262,src/sq_seqnn_outputs/sat6_default_main__sat6__seed51,src/sq_seqnn_outputs/sat6_default_main__sat6__seed51/sq_seqnn_sat6.pt
sat6,SAT-6,S2Q-SEQNN-Both,51,0.01,XX,x,shapelet,1287,none,1200,0.9533333333333334,0.9533333333333333,0.9534146677452426,62933.81660652161,src/sq_seqnn_outputs/sat6_default_main__sat6__seed51,src/sq_seqnn_outputs/sat6_default_main__sat6__seed51/sq_seqnn_sat6.pt
so2sat,So2Sat,S2Q-SEQNN-Shared,42,0.0,CZ,x,shapelet,1012,none,2000,0.95,0.95,0.949805636419988,58.81537055969238,src/sq_seqnn_outputs/so2sat_default_main__so2sat_shared__seed42,src/sq_seqnn_outputs/so2sat_default_main__so2sat_shared__seed42/sq_seqnn_so2sat.pt
so2sat,So2Sat,S2Q-SEQNN-Shared,42,0.001,CZ,x,shapelet,1012,none,2000,0.9505,0.9505,0.950281774785546,74925.72997617722,src/sq_seqnn_outputs/so2sat_default_main__so2sat_shared__seed42,src/sq_seqnn_outputs/so2sat_default_main__so2sat_shared__seed42/sq_seqnn_so2sat.pt
so2sat,So2Sat,S2Q-SEQNN-Shared,42,0.005,CZ,x,shapelet,1012,none,2000,0.9475,0.9475,0.9471710026350216,86199.10901021957,src/sq_seqnn_outputs/so2sat_default_main__so2sat_shared__seed42,src/sq_seqnn_outputs/so2sat_default_main__so2sat_shared__seed42/sq_seqnn_so2sat.pt
so2sat,So2Sat,S2Q-SEQNN-Shared,42,0.01,CZ,x,shapelet,1012,none,2000,0.942,0.942,0.9417550597267836,88792.2554037571,src/sq_seqnn_outputs/so2sat_default_main__so2sat_shared__seed42,src/sq_seqnn_outputs/so2sat_default_main__so2sat_shared__seed42/sq_seqnn_so2sat.pt
so2sat,So2Sat,S2Q-SEQNN-Shared,43,0.0,CZ,x,shapelet,1012,none,2000,0.955,0.955,0.9549305771272768,53.78398537635803,src/sq_seqnn_outputs/so2sat_default_main__so2sat_shared__seed43,src/sq_seqnn_outputs/so2sat_default_main__so2sat_shared__seed43/sq_seqnn_so2sat.pt
so2sat,So2Sat,S2Q-SEQNN-Shared,43,0.001,CZ,x,shapelet,1012,none,2000,0.955,0.955,0.9549587603165464,89914.57955145836,src/sq_seqnn_outputs/so2sat_default_main__so2sat_shared__seed43,src/sq_seqnn_outputs/so2sat_default_main__so2sat_shared__seed43/sq_seqnn_so2sat.pt
so2sat,So2Sat,S2Q-SEQNN-Shared,43,0.005,CZ,x,shapelet,1012,none,2000,0.9545,0.9545,0.9544232394420796,81712.7627389431,src/sq_seqnn_outputs/so2sat_default_main__so2sat_shared__seed43,src/sq_seqnn_outputs/so2sat_default_main__so2sat_shared__seed43/sq_seqnn_so2sat.pt
so2sat,So2Sat,S2Q-SEQNN-Shared,43,0.01,CZ,x,shapelet,1012,none,2000,0.949,0.949,0.9489439563220314,81698.79138302803,src/sq_seqnn_outputs/so2sat_default_main__so2sat_shared__seed43,src/sq_seqnn_outputs/so2sat_default_main__so2sat_shared__seed43/sq_seqnn_so2sat.pt
so2sat,So2Sat,S2Q-SEQNN-Shared,44,0.0,CZ,x,shapelet,1012,none,2000,0.947,0.9469999999999998,0.946814483685544,55.35230231285095,src/sq_seqnn_outputs/so2sat_default_main__so2sat_shared__seed44,src/sq_seqnn_outputs/so2sat_default_main__so2sat_shared__seed44/sq_seqnn_so2sat.pt
so2sat,So2Sat,S2Q-SEQNN-Shared,44,0.001,CZ,x,shapelet,1012,none,2000,0.9465,0.9465,0.9462196207842286,72844.79918193817,src/sq_seqnn_outputs/so2sat_default_main__so2sat_shared__seed44,src/sq_seqnn_outputs/so2sat_default_main__so2sat_shared__seed44/sq_seqnn_so2sat.pt
so2sat,So2Sat,S2Q-SEQNN-Shared,44,0.005,CZ,x,shapelet,1012,none,2000,0.9395,0.9395,0.938538331398004,89374.671230793,src/sq_seqnn_outputs/so2sat_default_main__so2sat_shared__seed44,src/sq_seqnn_outputs/so2sat_default_main__so2sat_shared__seed44/sq_seqnn_so2sat.pt
so2sat,So2Sat,S2Q-SEQNN-Shared,44,0.01,CZ,x,shapelet,1012,none,2000,0.925,0.925,0.9231050085262296,90369.71399235724,src/sq_seqnn_outputs/so2sat_default_main__so2sat_shared__seed44,src/sq_seqnn_outputs/so2sat_default_main__so2sat_shared__seed44/sq_seqnn_so2sat.pt
so2sat,So2Sat,S2Q-SEQNN-Shared,45,0.0,CZ,x,shapelet,1012,none,2000,0.9465,0.9465,0.9461538079581512,45.466103315353394,src/sq_seqnn_outputs/so2sat_default_main__so2sat_shared__seed45,src/sq_seqnn_outputs/so2sat_default_main__so2sat_shared__seed45/sq_seqnn_so2sat.pt
so2sat,So2Sat,S2Q-SEQNN-Shared,45,0.001,CZ,x,shapelet,1012,none,2000,0.9475,0.9475,0.9470828750806792,71192.97236943245,src/sq_seqnn_outputs/so2sat_default_main__so2sat_shared__seed45,src/sq_seqnn_outputs/so2sat_default_main__so2sat_shared__seed45/sq_seqnn_so2sat.pt
so2sat,So2Sat,S2Q-SEQNN-Shared,45,0.005,CZ,x,shapelet,1012,none,2000,0.943,0.943,0.9424766718471812,82410.09095263481,src/sq_seqnn_outputs/so2sat_default_main__so2sat_shared__seed45,src/sq_seqnn_outputs/so2sat_default_main__so2sat_shared__seed45/sq_seqnn_so2sat.pt
so2sat,So2Sat,S2Q-SEQNN-Shared,45,0.01,CZ,x,shapelet,1012,none,2000,0.924,0.924,0.9221152359768056,89745.34298205376,src/sq_seqnn_outputs/so2sat_default_main__so2sat_shared__seed45,src/sq_seqnn_outputs/so2sat_default_main__so2sat_shared__seed45/sq_seqnn_so2sat.pt
so2sat,So2Sat,S2Q-SEQNN-Shared,46,0.0,CZ,x,shapelet,1012,none,2000,0.946,0.946,0.9456911739336974,41.09952354431152,src/sq_seqnn_outputs/so2sat_default_main__so2sat_shared__seed46,src/sq_seqnn_outputs/so2sat_default_main__so2sat_shared__seed46/sq_seqnn_so2sat.pt
so2sat,So2Sat,S2Q-SEQNN-Shared,46,0.001,CZ,x,shapelet,1012,none,2000,0.945,0.945,0.9446744420908436,77266.39583969116,src/sq_seqnn_outputs/so2sat_default_main__so2sat_shared__seed46,src/sq_seqnn_outputs/so2sat_default_main__so2sat_shared__seed46/sq_seqnn_so2sat.pt
so2sat,So2Sat,S2Q-SEQNN-Shared,46,0.005,CZ,x,shapelet,1012,none,2000,0.945,0.945,0.9446451925677894,72155.19872188568,src/sq_seqnn_outputs/so2sat_default_main__so2sat_shared__seed46,src/sq_seqnn_outputs/so2sat_default_main__so2sat_shared__seed46/sq_seqnn_so2sat.pt
so2sat,So2Sat,S2Q-SEQNN-Shared,46,0.01,CZ,x,shapelet,1012,none,2000,0.9365,0.9365,0.935948788270888,81484.67690873146,src/sq_seqnn_outputs/so2sat_default_main__so2sat_shared__seed46,src/sq_seqnn_outputs/so2sat_default_main__so2sat_shared__seed46/sq_seqnn_so2sat.pt
so2sat,So2Sat,S2Q-SEQNN-Shared,47,0.0,CZ,x,shapelet,1012,none,2000,0.9475,0.9475,0.9474749795692684,38.165483474731445,src/sq_seqnn_outputs/so2sat_default_main__so2sat_shared__seed47,src/sq_seqnn_outputs/so2sat_default_main__so2sat_shared__seed47/sq_seqnn_so2sat.pt
so2sat,So2Sat,S2Q-SEQNN-Shared,47,0.001,CZ,x,shapelet,1012,none,2000,0.9475,0.9475,0.9474805212146836,79826.63116836548,src/sq_seqnn_outputs/so2sat_default_main__so2sat_shared__seed47,src/sq_seqnn_outputs/so2sat_default_main__so2sat_shared__seed47/sq_seqnn_so2sat.pt
so2sat,So2Sat,S2Q-SEQNN-Shared,47,0.005,CZ,x,shapelet,1012,none,2000,0.942,0.942,0.9420036204961552,79744.24947166443,src/sq_seqnn_outputs/so2sat_default_main__so2sat_shared__seed47,src/sq_seqnn_outputs/so2sat_default_main__so2sat_shared__seed47/sq_seqnn_so2sat.pt
so2sat,So2Sat,S2Q-SEQNN-Shared,47,0.01,CZ,x,shapelet,1012,none,2000,0.9395,0.9395,0.939546479543934,81835.26980185509,src/sq_seqnn_outputs/so2sat_default_main__so2sat_shared__seed47,src/sq_seqnn_outputs/so2sat_default_main__so2sat_shared__seed47/sq_seqnn_so2sat.pt
so2sat,So2Sat,S2Q-SEQNN-Shared,48,0.0,CZ,x,shapelet,1012,none,2000,0.946,0.946,0.9460339284219582,47.20333671569824,src/sq_seqnn_outputs/so2sat_default_main__so2sat_shared__seed48,src/sq_seqnn_outputs/so2sat_default_main__so2sat_shared__seed48/sq_seqnn_so2sat.pt
so2sat,So2Sat,S2Q-SEQNN-Shared,48,0.001,CZ,x,shapelet,1012,none,2000,0.9465,0.9465,0.94653777497259,89958.83785033226,src/sq_seqnn_outputs/so2sat_default_main__so2sat_shared__seed48,src/sq_seqnn_outputs/so2sat_default_main__so2sat_shared__seed48/sq_seqnn_so2sat.pt
so2sat,So2Sat,S2Q-SEQNN-Shared,48,0.005,CZ,x,shapelet,1012,none,2000,0.941,0.941,0.941084316307178,76450.59619307518,src/sq_seqnn_outputs/so2sat_default_main__so2sat_shared__seed48,src/sq_seqnn_outputs/so2sat_default_main__so2sat_shared__seed48/sq_seqnn_so2sat.pt
so2sat,So2Sat,S2Q-SEQNN-Shared,48,0.01,CZ,x,shapelet,1012,none,2000,0.933,0.933,0.9331356131045254,73287.78216576576,src/sq_seqnn_outputs/so2sat_default_main__so2sat_shared__seed48,src/sq_seqnn_outputs/so2sat_default_main__so2sat_shared__seed48/sq_seqnn_so2sat.pt
so2sat,So2Sat,S2Q-SEQNN-Shared,49,0.0,CZ,x,shapelet,1012,none,2000,0.945,0.945,0.944712180462274,55.003037214279175,src/sq_seqnn_outputs/so2sat_default_main__so2sat_shared__seed49,src/sq_seqnn_outputs/so2sat_default_main__so2sat_shared__seed49/sq_seqnn_so2sat.pt
so2sat,So2Sat,S2Q-SEQNN-Shared,49,0.001,CZ,x,shapelet,1012,none,2000,0.944,0.944,0.9436163739507484,70394.1063284874,src/sq_seqnn_outputs/so2sat_default_main__so2sat_shared__seed49,src/sq_seqnn_outputs/so2sat_default_main__so2sat_shared__seed49/sq_seqnn_so2sat.pt
so2sat,So2Sat,S2Q-SEQNN-Shared,49,0.005,CZ,x,shapelet,1012,none,2000,0.9395,0.9395,0.9388265027944148,81312.40005135536,src/sq_seqnn_outputs/so2sat_default_main__so2sat_shared__seed49,src/sq_seqnn_outputs/so2sat_default_main__so2sat_shared__seed49/sq_seqnn_so2sat.pt
so2sat,So2Sat,S2Q-SEQNN-Shared,49,0.01,CZ,x,shapelet,1012,none,2000,0.933,0.9330000000000002,0.9321377858961684,86878.5326654911,src/sq_seqnn_outputs/so2sat_default_main__so2sat_shared__seed49,src/sq_seqnn_outputs/so2sat_default_main__so2sat_shared__seed49/sq_seqnn_so2sat.pt
so2sat,So2Sat,S2Q-SEQNN-Shared,50,0.0,CZ,x,shapelet,1012,none,2000,0.948,0.948,0.948191410490114,40.66449546813965,src/sq_seqnn_outputs/so2sat_default_main__so2sat_shared__seed50,src/sq_seqnn_outputs/so2sat_default_main__so2sat_shared__seed50/sq_seqnn_so2sat.pt
so2sat,So2Sat,S2Q-SEQNN-Shared,50,0.001,CZ,x,shapelet,1012,none,2000,0.948,0.948,0.9481782767385318,89376.7858300209,src/sq_seqnn_outputs/so2sat_default_main__so2sat_shared__seed50,src/sq_seqnn_outputs/so2sat_default_main__so2sat_shared__seed50/sq_seqnn_so2sat.pt
so2sat,So2Sat,S2Q-SEQNN-Shared,50,0.005,CZ,x,shapelet,1012,none,2000,0.9485,0.9485,0.948757305464548,75370.11507892609,src/sq_seqnn_outputs/so2sat_default_main__so2sat_shared__seed50,src/sq_seqnn_outputs/so2sat_default_main__so2sat_shared__seed50/sq_seqnn_so2sat.pt
so2sat,So2Sat,S2Q-SEQNN-Shared,50,0.01,CZ,x,shapelet,1012,none,2000,0.942,0.942,0.94230860192615,71379.37626600266,src/sq_seqnn_outputs/so2sat_default_main__so2sat_shared__seed50,src/sq_seqnn_outputs/so2sat_default_main__so2sat_shared__seed50/sq_seqnn_so2sat.pt
so2sat,So2Sat,S2Q-SEQNN-Shared,51,0.0,CZ,x,shapelet,1012,none,2000,0.9565,0.9565,0.9564111812147776,42.88278889656067,src/sq_seqnn_outputs/so2sat_default_main__so2sat_shared__seed51,src/sq_seqnn_outputs/so2sat_default_main__so2sat_shared__seed51/sq_seqnn_so2sat.pt
so2sat,So2Sat,S2Q-SEQNN-Shared,51,0.001,CZ,x,shapelet,1012,none,2000,0.9575,0.9575,0.9573423838627042,65733.49932718277,src/sq_seqnn_outputs/so2sat_default_main__so2sat_shared__seed51,src/sq_seqnn_outputs/so2sat_default_main__so2sat_shared__seed51/sq_seqnn_so2sat.pt
so2sat,So2Sat,S2Q-SEQNN-Shared,51,0.005,CZ,x,shapelet,1012,none,2000,0.9545,0.9545,0.9542658372017389,66520.48804855347,src/sq_seqnn_outputs/so2sat_default_main__so2sat_shared__seed51,src/sq_seqnn_outputs/so2sat_default_main__so2sat_shared__seed51/sq_seqnn_so2sat.pt
so2sat,So2Sat,S2Q-SEQNN-Shared,51,0.01,CZ,x,shapelet,1012,none,2000,0.9515,0.9515,0.951200446526416,85947.20156002045,src/sq_seqnn_outputs/so2sat_default_main__so2sat_shared__seed51,src/sq_seqnn_outputs/so2sat_default_main__so2sat_shared__seed51/sq_seqnn_so2sat.pt
