image,test_idx,y,pred_sim,pred_hw,q_sim_0,q_hw_0,q_sim_1,q_hw_1,q_sim_2,q_hw_2,q_sim_3,q_hw_3,q_sim_4,q_hw_4,q_sim_5,q_hw_5,q_sim_6,q_hw_6,q_sim_7,q_hw_7
0,8,0,0,0,-0.20632705092430115,-0.12400000000000011,0.4368143677711487,0.4095,0.08146663755178452,-0.04299999999999993,-0.20475229620933533,-0.02499999999999991,-0.3579809069633484,-0.3274999999999999,0.14414893090724945,0.13749999999999996,-0.12884341180324554,-0.13850000000000007,0.333785742521286,0.263
1,10,3,3,3,0.09439820051193237,0.07199999999999995,-0.1754230260848999,-0.1499999999999999,0.3612208664417267,0.2895,0.17563796043395996,0.013000000000000012,0.1363750547170639,0.12849999999999995,-0.01718093268573284,-0.0020000000000000018,0.11140698194503784,0.08199999999999996,-0.4984670579433441,-0.5025
2,18,4,4,4,-0.6873751282691956,-0.38450000000000006,0.651674747467041,0.595,0.044271837919950485,0.10050000000000003,-0.4689100384712219,-0.028999999999999915,-0.6345198154449463,-0.534,0.2253332883119583,0.1835,-0.44305989146232605,-0.36949999999999994,0.5718977451324463,0.562
3,22,0,0,0,0.4172177314758301,0.22650000000000003,0.4513516426086426,0.369,-0.6726335883140564,-0.565,-0.07003969699144363,-0.006000000000000005,-0.3908052444458008,-0.4285000000000001,0.05618162825703621,0.06499999999999995,0.060712527483701706,0.07950000000000002,-0.13828758895397186,-0.1279999999999999
4,33,3,3,3,-0.151789128780365,-0.11099999999999999,0.5594571828842163,0.5235000000000001,-0.4727794826030731,-0.4424999999999999,0.14228908717632294,0.045499999999999985,-0.14068900048732758,-0.09400000000000008,0.0949140191078186,0.11150000000000004,0.17586933076381683,0.16149999999999998,-0.721118688583374,-0.6539999999999999
5,36,4,4,4,-0.5136566162109375,-0.3075000000000001,-0.37214308977127075,-0.256,-0.23135699331760406,-0.1439999999999999,-0.27349501848220825,-0.028000000000000025,-0.08802058547735214,-0.040999999999999925,0.15811026096343994,0.15400000000000003,-0.0057988241314888,0.0014999999999999458,-0.6998907327651978,-0.6065
6,39,1,4,4,-0.04770815372467041,-0.016999999999999904,-0.010712288320064545,0.04500000000000004,-0.5518038868904114,-0.3779999999999999,0.14820164442062378,0.010000000000000009,0.6521901488304138,0.5805,-0.30352461338043213,-0.27,-0.023503199219703674,0.024499999999999966,0.15964233875274658,0.12450000000000006
7,41,2,2,2,-0.0823746845126152,-0.03699999999999992,0.8219053149223328,0.731,-0.8118552565574646,-0.7,-0.13431523740291595,-0.00649999999999995,-0.24660150706768036,-0.21550000000000002,-0.1764013171195984,-0.131,-0.19278529286384583,-0.16749999999999998,0.3388720452785492,0.344
8,42,0,0,0,0.342258095741272,0.18200000000000005,0.5873925089836121,0.475,-0.4565557837486267,-0.27849999999999997,-0.031622759997844696,-0.011500000000000066,0.03158264979720116,-0.009500000000000064,0.0853605791926384,0.022499999999999964,0.11964011192321777,0.07650000000000001,0.4154399633407593,0.39
9,52,4,4,4,0.3070286512374878,0.15100000000000002,0.07280309498310089,0.11499999999999999,-0.07430300861597061,-0.0674999999999999,-0.19036883115768433,-0.020999999999999908,-0.2871035039424896,-0.238,0.03844587132334709,0.04849999999999999,-0.09079581499099731,-0.040000000000000036,-0.3293168544769287,-0.31899999999999995
10,54,1,1,1,-0.1953389048576355,-0.1180000000000001,0.10623598098754883,0.09599999999999997,0.02785329893231392,-0.09250000000000003,-0.03540189191699028,0.009000000000000008,0.3522087335586548,0.27149999999999996,0.007545011583715677,-0.01649999999999996,-0.1671753227710724,-0.16199999999999992,-0.19962213933467865,-0.17199999999999993
11,64,4,4,4,-0.39801499247550964,-0.22599999999999998,0.16277872025966644,0.10399999999999998,-0.08603750914335251,-0.10400000000000009,-0.1648786962032318,-0.010000000000000009,0.026191679760813713,0.04949999999999999,0.10163021832704544,0.08899999999999997,0.07577738165855408,0.05149999999999999,-0.8754095435142517,-0.81
12,65,0,0,0,0.5053645372390747,0.27649999999999997,0.2583305537700653,0.268,0.3619188368320465,0.29700000000000004,-0.12676699459552765,-0.026999999999999913,-0.18935923278331757,-0.137,-0.016492852941155434,0.0004999999999999449,0.30332744121551514,0.24850000000000005,-0.14459308981895447,-0.09400000000000008
13,67,4,4,4,-0.4188416302204132,-0.244,0.3965224027633667,0.3095,0.5672388076782227,0.45799999999999996,-0.249512180685997,-0.014000000000000012,-0.43522462248802185,-0.399,-0.007994174025952816,0.0034999999999999476,-0.13150084018707275,-0.11250000000000004,-0.22026488184928894,-0.19300000000000006
14,68,4,4,4,-0.6399546265602112,-0.36949999999999994,0.46571093797683716,0.38149999999999995,0.3466765582561493,0.23399999999999999,-0.210946723818779,-0.04299999999999993,0.5509862899780273,0.496,-0.1060650423169136,-0.05950000000000011,0.08348558098077774,0.11150000000000004,-0.9310731291770935,-0.8705
15,82,2,2,2,-0.6486335396766663,-0.3759999999999999,-0.29411211609840393,-0.1904999999999999,-0.40270209312438965,-0.3494999999999999,0.267050176858902,0.03749999999999998,0.07557901740074158,0.0044999999999999485,0.15973736345767975,0.136,0.06775384396314621,0.04500000000000004,-0.8320388793945312,-0.7395
16,84,2,2,2,0.40082883834838867,0.24150000000000005,0.4870867431163788,0.506,-0.7986595034599304,-0.712,0.040255703032016754,0.0020000000000000018,0.19782321155071259,0.12,0.10455311089754105,0.07899999999999996,-0.2921067476272583,-0.27849999999999997,-0.3737374246120453,-0.3320000000000001
17,87,4,4,4,-0.1671953648328781,-0.11949999999999994,0.24560467898845673,0.20550000000000002,-0.8402853012084961,-0.7004999999999999,0.04201856628060341,0.013499999999999956,-0.3425820469856262,-0.22999999999999998,-0.13604836165905,-0.10899999999999999,-0.13046309351921082,-0.12400000000000011,0.324043333530426,0.269
18,88,2,2,2,0.34701159596443176,0.19699999999999995,0.3014993667602539,0.29900000000000004,-0.7874376177787781,-0.6815,0.2862439751625061,0.034499999999999975,0.022390296682715416,-0.0040000000000000036,-0.09177708625793457,-0.05750000000000011,0.08506466448307037,0.05700000000000005,-0.844849705696106,-0.754
19,89,1,1,1,0.08610931038856506,0.056499999999999995,0.0972495749592781,0.12549999999999994,-0.8032565712928772,-0.718,0.08665056526660919,0.0010000000000000009,0.6595423817634583,0.5215000000000001,0.4301072061061859,0.37649999999999995,-0.6078076958656311,-0.5285,0.12202487140893936,0.09699999999999998
20,92,3,3,3,0.37579864263534546,0.1775,0.42571592330932617,0.36650000000000005,-0.7203074097633362,-0.651,0.10548105835914612,0.015499999999999958,0.27497732639312744,0.15549999999999997,-0.021661242470145226,-0.0035000000000000586,-0.2539716362953186,-0.23399999999999999,0.45764821767807007,0.4265
21,94,0,0,0,-0.03282603621482849,-0.04249999999999998,0.29020124673843384,0.3185,-0.22078880667686462,-0.2669999999999999,-0.12814778089523315,0.0020000000000000018,-0.39835381507873535,-0.37650000000000006,-0.07503118366003036,-0.09000000000000008,-0.22756049036979675,-0.20950000000000002,0.3587469458580017,0.29200000000000004
22,107,1,1,1,-0.6935039758682251,-0.39050000000000007,0.6778958439826965,0.64,-0.7778304219245911,-0.6735,0.2555040419101715,0.016000000000000014,0.036587540060281754,-0.00649999999999995,0.04090162739157677,0.026499999999999968,0.09580734372138977,0.08450000000000002,-0.8779988884925842,-0.8115000000000001
23,118,0,0,0,0.029585380107164383,0.016000000000000014,0.1790129691362381,0.138,-0.4334060549736023,-0.4005000000000001,0.04509235918521881,0.015499999999999958,-0.35024088621139526,-0.33000000000000007,-0.10559487342834473,-0.06099999999999994,-0.1543918251991272,-0.10699999999999998,-0.8536072969436646,-0.7665
24,122,3,3,3,0.28640103340148926,0.16100000000000003,-0.3748616576194763,-0.2849999999999999,-0.05248680338263512,-0.04800000000000004,-0.16348794102668762,-0.010499999999999954,-0.533686637878418,-0.534,-0.0844024196267128,-0.0774999999999999,0.20728330314159393,0.18500000000000005,-0.19502666592597961,-0.1825000000000001
25,134,4,4,4,-0.691015362739563,-0.3779999999999999,-0.3325018584728241,-0.26249999999999996,0.28921571373939514,0.23750000000000004,-0.352622926235199,-0.01649999999999996,-0.6995872259140015,-0.6579999999999999,0.02857358008623123,0.035499999999999976,-0.13472764194011688,-0.1339999999999999,-0.19513900578022003,-0.14549999999999996
26,136,3,3,3,-0.11146661639213562,-0.0674999999999999,-0.041371770203113556,-0.009500000000000064,0.2411079853773117,0.15700000000000003,0.24747036397457123,0.020000000000000018,-0.181023508310318,-0.1705000000000001,0.31106486916542053,0.29200000000000004,-0.04109726473689079,-0.03400000000000003,0.4364199638366699,0.34099999999999997
27,142,1,1,1,0.2102702111005783,0.12649999999999995,0.15370866656303406,0.18799999999999994,-0.44918292760849,-0.3985000000000001,-0.11122997105121613,0.010499999999999954,-0.05384869873523712,-0.0694999999999999,-0.2734997272491455,-0.25550000000000006,-0.038789357990026474,-0.03049999999999997,0.24230724573135376,0.16500000000000004
28,145,0,0,0,-0.07212822884321213,-0.04600000000000004,0.020135726779699326,0.03849999999999998,-0.39109358191490173,-0.30299999999999994,-0.16569958627223969,-0.0035000000000000586,-0.3039937913417816,-0.29699999999999993,-0.0017124130390584469,0.033499999999999974,0.049042899161577225,0.06299999999999994,-0.321726530790329,-0.3285
29,153,3,3,3,0.1657484769821167,0.08199999999999996,-0.5580176115036011,-0.4675,-0.4127523899078369,-0.38149999999999995,0.1493699848651886,0.00649999999999995,-0.32101061940193176,-0.3154999999999999,0.03693166375160217,0.07350000000000001,0.22338414192199707,0.17000000000000004,-0.579444169998169,-0.51
30,162,3,3,3,-0.43137386441230774,-0.22550000000000003,-0.517903745174408,-0.488,2.4779836166999303e-05,-0.008999999999999897,-0.287832111120224,-0.044499999999999984,0.034437041729688644,-0.07699999999999996,0.12842200696468353,0.10499999999999998,0.16708125174045563,0.13949999999999996,-0.32079824805259705,-0.27849999999999997
31,166,1,1,1,0.008265353739261627,-0.01200000000000001,0.03411087766289711,0.08299999999999996,-0.4874306321144104,-0.4155,-0.33246198296546936,-0.02200000000000002,-0.01905209757387638,-0.016999999999999904,0.09054592996835709,0.05500000000000005,-0.3013843297958374,-0.24150000000000005,0.36187270283699036,0.35450000000000004
32,176,2,2,2,-0.649410605430603,-0.36149999999999993,0.8382952213287354,0.7615000000000001,-0.6312886476516724,-0.6025,0.10624909400939941,0.019000000000000017,0.2524794936180115,0.19499999999999995,0.002409084467217326,-0.012499999999999956,-0.03965473175048828,-0.014000000000000012,-0.3447399437427521,-0.3205
33,177,4,4,4,-0.6750997304916382,-0.38549999999999995,-0.3918619751930237,-0.30699999999999994,0.3350540101528168,0.30900000000000005,-0.18502530455589294,-0.008000000000000007,-0.37206435203552246,-0.2124999999999999,0.051471732556819916,0.01200000000000001,-0.048460911959409714,-0.05499999999999994,-0.20384153723716736,-0.1845000000000001
34,178,1,1,1,-0.7519731521606445,-0.4295,0.3033559322357178,0.30500000000000005,-0.5094354152679443,-0.4475,-0.05438777804374695,-0.00649999999999995,-0.09455478936433792,-0.15999999999999992,-0.1067972257733345,-0.08000000000000007,-0.03117811121046543,-0.0515000000000001,-0.4811931252479553,-0.43300000000000005
35,181,0,0,0,0.09444379806518555,0.04149999999999998,0.030126789584755898,0.03849999999999998,0.4421246647834778,0.3235,-0.024752050638198853,-0.00550000000000006,0.4181938171386719,0.35850000000000004,0.20581866800785065,0.18200000000000005,0.5243390798568726,0.44799999999999995,0.09344682097434998,0.07799999999999996
36,185,4,4,4,-0.7080568075180054,-0.3965000000000001,0.48737087845802307,0.47650000000000003,-0.47424593567848206,-0.36850000000000005,-0.13786940276622772,-0.03249999999999997,-0.09880252182483673,-0.08699999999999997,0.14528416097164154,0.12050000000000005,0.02338237129151821,0.023499999999999965,-0.7757796049118042,-0.7175
37,218,4,4,4,-0.10288096219301224,-0.04299999999999993,-0.47004377841949463,-0.4125000000000001,0.7653100490570068,0.629,-0.28061968088150024,-0.014000000000000012,-0.5969372391700745,-0.56,0.006311179604381323,0.006000000000000005,0.0784408301115036,0.0655,-0.8067954778671265,-0.7330000000000001
38,225,3,3,3,0.23178666830062866,0.122,0.12136035412549973,0.14,-0.011180099099874496,0.03049999999999997,-0.15888981521129608,-0.011500000000000066,0.02720521204173565,-0.03499999999999992,-0.018895195797085762,0.007000000000000006,0.28504428267478943,0.27349999999999997,-0.4329971373081207,-0.4175
39,227,2,2,2,0.5406805276870728,0.27349999999999997,0.5390804409980774,0.542,-0.8117889761924744,-0.712,-0.13299903273582458,0.006000000000000005,0.09637011587619781,0.09599999999999997,-0.23658491671085358,-0.19300000000000006,-0.03926219046115875,-0.01200000000000001,-0.37887388467788696,-0.347
40,229,0,0,0,-0.2390136867761612,-0.133,0.32336917519569397,0.27849999999999997,-0.6449412107467651,-0.5965,-0.09860353916883469,-0.007500000000000062,-0.04145542159676552,-0.07250000000000001,-0.15026071667671204,-0.1359999999999999,0.25649306178092957,0.19599999999999995,0.3575526773929596,0.3205
41,240,4,4,4,-0.7023484706878662,-0.39250000000000007,0.2940397262573242,0.27149999999999996,-0.16652831435203552,-0.15399999999999991,-0.2819223403930664,-0.01649999999999996,0.08978570997714996,0.039000000000000035,0.10100200772285461,0.09250000000000003,-0.2745436131954193,-0.22100000000000009,0.3421045243740082,0.3235
42,243,0,0,0,-0.08738052845001221,-0.0674999999999999,-0.6346232891082764,-0.6245,-0.8719474673271179,-0.7455,0.07378324866294861,0.031000000000000028,0.09829013794660568,-0.00550000000000006,0.05987647548317909,0.06499999999999995,-0.1090153381228447,-0.10899999999999999,-0.8521826267242432,-0.7825
43,251,1,3,3,-0.07972344011068344,-0.05699999999999994,-0.13294970989227295,0.0004999999999999449,-0.0696287602186203,0.01649999999999996,0.21570201218128204,0.008000000000000007,0.08630313724279404,0.06000000000000005,0.2556571960449219,0.243,-0.008550947532057762,-0.0129999999999999,-0.09540559351444244,-0.11450000000000005
44,262,2,2,2,-0.3186766505241394,-0.16399999999999992,0.764595091342926,0.688,-0.8304387331008911,-0.687,0.33360838890075684,0.044499999999999984,0.34652280807495117,0.344,0.36600592732429504,0.3105,-0.19606830179691315,-0.15250000000000008,-0.22833971679210663,-0.2144999999999999
45,275,2,2,2,-0.20080891251564026,-0.1200000000000001,0.26136359572410583,0.30400000000000005,-0.4282509386539459,-0.274,0.23180152475833893,0.019499999999999962,0.24614883959293365,0.20550000000000002,0.17897051572799683,0.14449999999999996,-0.025785623118281364,-0.020999999999999908,-0.4819137752056122,-0.4315
46,279,4,4,4,-0.6943259835243225,-0.3899999999999999,0.0273062065243721,-0.05950000000000011,-0.3959920108318329,-0.24449999999999994,-0.11674443632364273,0.007000000000000006,-0.3417169153690338,-0.32499999999999996,-0.04416973888874054,-0.03499999999999992,-0.28114405274391174,-0.21300000000000008,0.45595526695251465,0.4295
47,285,3,3,3,-0.5845189690589905,-0.3480000000000001,0.2438952773809433,0.25,-0.5087845325469971,-0.4710000000000001,0.029219571501016617,0.006000000000000005,-0.10751522332429886,-0.03649999999999998,0.03975493460893631,0.02300000000000002,0.49617817997932434,0.42500000000000004,-0.7280392646789551,-0.675
48,287,3,3,3,-0.08761041611433029,-0.034499999999999975,0.18176734447479248,0.15149999999999997,0.025959519669413567,0.04849999999999999,0.037104055285453796,-0.008000000000000007,0.110166996717453,0.02849999999999997,-0.06621541827917099,-0.05950000000000011,0.4090689718723297,0.32499999999999996,-0.25777196884155273,-0.2529999999999999
49,303,4,4,4,-0.6963382363319397,-0.38949999999999996,0.5730993747711182,0.48,-0.655896008014679,-0.5409999999999999,-0.17511603236198425,-0.0020000000000000018,-0.5879004597663879,-0.5209999999999999,0.06312425434589386,0.038000000000000034,0.18172873556613922,0.1795,-0.27977415919303894,-0.3105
50,318,3,4,3,-0.6682402491569519,-0.38450000000000006,-0.21558208763599396,-0.15450000000000008,-0.05217824876308441,-0.06150000000000011,-0.21390655636787415,-0.0015000000000000568,-0.08049658685922623,-0.11549999999999994,-0.2043834775686264,-0.15850000000000009,0.3737497329711914,0.28400000000000003,-0.6955129504203796,-0.621
51,319,2,2,2,0.37742140889167786,0.21350000000000002,0.26900628209114075,0.32499999999999996,-0.7284398674964905,-0.6595,-0.008024348877370358,-0.0015000000000000568,0.19394995272159576,0.10650000000000004,-0.04185101389884949,-0.07299999999999995,-0.4874342679977417,-0.38149999999999995,-0.18631140887737274,-0.1735
52,320,2,2,2,0.5648199319839478,0.30900000000000005,0.4579966962337494,0.483,-0.8184508085250854,-0.7430000000000001,0.015767866745591164,0.014499999999999957,0.36290013790130615,0.276,0.3044763207435608,0.24350000000000005,0.10092635452747345,0.09550000000000003,-0.07825428247451782,-0.07600000000000007
53,324,0,0,0,-0.05853412300348282,-0.038999999999999924,-0.1288534551858902,-0.1180000000000001,0.2238864004611969,0.281,-0.031545110046863556,-0.00649999999999995,-0.27512529492378235,-0.32600000000000007,-0.1601751446723938,-0.10650000000000004,0.845733106136322,0.7415,-0.9343783855438232,-0.8765000000000001
54,343,1,1,1,-0.2099759727716446,-0.12400000000000011,0.6421862840652466,0.5785,-0.5361228585243225,-0.486,-0.0721491202712059,-0.0040000000000000036,-0.22630979120731354,-0.20999999999999996,-0.13824568688869476,-0.1160000000000001,0.08059810101985931,0.07850000000000001,-0.8645681142807007,-0.7885
55,345,3,3,3,-0.7251047492027283,-0.39349999999999996,0.7917552590370178,0.6955,-0.25647398829460144,-0.24249999999999994,0.16904181241989136,0.005499999999999949,0.21082821488380432,0.1785,0.179944708943367,0.18200000000000005,0.04928687959909439,0.039000000000000035,-0.6279709339141846,-0.5625
56,351,2,2,2,0.43134114146232605,0.23750000000000004,0.1128472164273262,0.09750000000000003,0.13256891071796417,0.029000000000000026,0.10779206454753876,0.02949999999999997,0.118123859167099,0.11099999999999999,-0.24105304479599,-0.20500000000000007,-0.12948957085609436,-0.08800000000000008,0.296678364276886,0.262
57,360,2,2,2,-0.6675063967704773,-0.389,0.8368884325027466,0.741,-0.6724229454994202,-0.643,0.06574759632349014,0.0004999999999999449,0.25111398100852966,0.1795,0.02826707251369953,0.006000000000000005,0.1553892344236374,0.13949999999999996,-0.3883870840072632,-0.3405
58,367,0,0,0,0.07367664575576782,0.04800000000000004,0.20497584342956543,0.19399999999999995,0.15775549411773682,0.10250000000000004,-0.08186191320419312,-0.014999999999999902,-0.643997848033905,-0.5549999999999999,0.10389969497919083,0.09250000000000003,0.2254393845796585,0.19899999999999995,-0.21751976013183594,-0.19700000000000006
59,368,3,3,3,0.33571764826774597,0.16500000000000004,0.48883336782455444,0.4095,0.2634793221950531,0.15049999999999997,0.15540754795074463,0.013000000000000012,0.09844464808702469,0.11099999999999999,-0.23584437370300293,-0.17999999999999994,0.5030117630958557,0.4445,-0.3187556564807892,-0.25849999999999995
60,374,4,4,4,-0.671765923500061,-0.36450000000000005,-0.31680160760879517,-0.246,-0.38598960638046265,-0.29600000000000004,0.5824946165084839,0.035499999999999976,-0.013389665633440018,-0.05400000000000005,-0.1976410448551178,-0.1765000000000001,0.0038625970482826233,-0.0015000000000000568,-0.45871180295944214,-0.4225000000000001
61,376,0,0,0,0.12349826097488403,0.0695,-0.12891346216201782,-0.024499999999999966,-0.4667576253414154,-0.3979999999999999,-0.21687880158424377,-0.01550000000000007,-0.6374277472496033,-0.5845,-0.16032223403453827,-0.1200000000000001,-0.03246680647134781,-0.04499999999999993,-0.6344437003135681,-0.5905
62,380,4,4,4,-0.5602905750274658,-0.3055000000000001,0.6454206109046936,0.563,0.4899282157421112,0.2825,-0.1901704967021942,-0.007500000000000062,-0.2395303100347519,-0.252,-0.06284667551517487,-0.06299999999999994,-0.2868700921535492,-0.252,0.5028634071350098,0.474
63,383,1,1,1,0.42349618673324585,0.25,0.2611214518547058,0.28400000000000003,-0.8410918712615967,-0.7175,-0.2255842387676239,-0.025500000000000078,0.06732149422168732,0.13049999999999995,0.08334724605083466,0.09450000000000003,0.05221943184733391,0.0695,-0.7815544009208679,-0.7304999999999999
64,385,2,2,2,-0.6616421341896057,-0.383,0.8264463543891907,0.7185,-0.7351155877113342,-0.6535,-0.036661796271800995,0.0014999999999999458,0.13614723086357117,0.09150000000000003,-0.2410893440246582,-0.21300000000000008,-0.15682706236839294,-0.1725000000000001,0.28294339776039124,0.245
65,386,2,2,2,0.19302868843078613,0.11650000000000005,0.6034348011016846,0.5900000000000001,-0.7617009282112122,-0.6725000000000001,-0.013484986498951912,-0.009500000000000064,-0.023350106552243233,-0.07650000000000001,0.06387019902467728,0.020000000000000018,-0.03641429543495178,-0.020999999999999908,0.15775831043720245,0.15249999999999997
66,387,1,1,1,-0.6720172762870789,-0.37349999999999994,0.513024628162384,0.499,-0.6886109113693237,-0.5820000000000001,0.2738546133041382,0.00649999999999995,-0.10314937680959702,-0.10699999999999998,0.03961050137877464,0.03200000000000003,0.046684227883815765,0.045499999999999985,-0.7999494671821594,-0.7470000000000001
67,389,2,2,2,0.01414378359913826,-0.008000000000000007,0.3697263300418854,0.25849999999999995,-0.7030996084213257,-0.631,0.0505354106426239,-0.010000000000000009,0.2441728115081787,0.15400000000000003,-0.06691168993711472,-0.050000000000000044,-0.09565383940935135,-0.09349999999999992,0.29517537355422974,0.24750000000000005
68,390,0,0,0,-0.16980282962322235,-0.10899999999999999,0.45266449451446533,0.39949999999999997,-0.5196658968925476,-0.389,-0.16391772031784058,-0.01849999999999996,-0.4053063690662384,-0.37349999999999994,0.24785862863063812,0.235,0.18305929005146027,0.15749999999999997,0.25805485248565674,0.23099999999999998
69,392,3,3,3,0.042158450931310654,0.040000000000000036,-0.1831035614013672,-0.14450000000000007,0.1249871701002121,0.17100000000000004,-0.19559374451637268,-0.0024999999999999467,0.03754449263215065,0.014499999999999957,-0.26914742588996887,-0.20399999999999996,-0.2473309189081192,-0.19799999999999995,0.4552820324897766,0.4185
70,402,3,3,3,-0.14805535972118378,-0.09800000000000009,0.11229162663221359,0.121,0.11448930203914642,0.12749999999999995,0.22836832702159882,0.02200000000000002,0.057299043983221054,0.10350000000000004,-0.2336968034505844,-0.21550000000000002,-0.3027454614639282,-0.26449999999999996,0.5686831474304199,0.534
71,411,1,2,2,0.1833689659833908,0.0695,-0.38297122716903687,-0.3354999999999999,-0.07757481932640076,-0.045500000000000096,-0.022471655160188675,-0.0024999999999999467,-0.1226814016699791,-0.1825000000000001,-0.12504041194915771,-0.127,0.5338026881217957,0.476,-0.49466365575790405,-0.4684999999999999
72,420,0,0,0,0.040686991065740585,0.009499999999999953,-0.3037368059158325,-0.23150000000000004,-0.11588449776172638,-0.09050000000000002,-0.1321246474981308,-0.01649999999999996,-0.23782317340373993,-0.21900000000000008,0.00681860139593482,0.0014999999999999458,0.18068288266658783,0.12450000000000006,-0.15313684940338135,-0.13549999999999995
73,423,0,0,0,0.057197049260139465,0.024499999999999966,-0.14264588057994843,-0.05800000000000005,-0.5064406991004944,-0.43199999999999994,-0.0956028401851654,-0.016999999999999904,-0.3675626516342163,-0.26849999999999996,0.0009085765923373401,0.015499999999999958,-0.4655965268611908,-0.39349999999999996,-0.09248385578393936,-0.1180000000000001
74,424,0,0,0,-0.2297559380531311,-0.135,0.4473448097705841,0.4215,-0.2721575200557709,-0.2769999999999999,-0.1124674379825592,-0.01200000000000001,-0.2790444493293762,-0.2909999999999999,-0.091605044901371,-0.07699999999999996,0.4963013231754303,0.41700000000000004,-0.8979864120483398,-0.8300000000000001
75,425,1,1,1,0.0022128215059638023,0.008499999999999952,0.2706030607223511,0.22399999999999998,0.297765851020813,0.23099999999999998,-0.24888259172439575,-0.016999999999999904,0.1902627795934677,0.19199999999999995,-0.00034824354224838316,0.0024999999999999467,-0.07148800045251846,-0.08099999999999996,-0.4864884912967682,-0.4504999999999999
76,426,1,1,1,-0.6339327692985535,-0.357,0.2928333580493927,0.271,-0.29172268509864807,-0.20700000000000007,-0.21188512444496155,-0.010000000000000009,-0.3567052483558655,-0.363,0.0035025659017264843,0.026000000000000023,0.07707764953374863,0.09550000000000003,-0.8779762387275696,-0.827
77,431,4,4,4,-0.1907549947500229,-0.12450000000000006,0.3115287125110626,0.35450000000000004,-0.4772648513317108,-0.46950000000000003,0.08527086675167084,-0.0044999999999999485,0.29318854212760925,0.22950000000000004,0.20043876767158508,0.1845,-0.22992739081382751,-0.2144999999999999,0.13764874637126923,0.14600000000000002
78,434,4,4,4,-0.6762703657150269,-0.39250000000000007,0.05282626301050186,-0.008000000000000007,-0.27337461709976196,-0.09400000000000008,-0.1519530564546585,0.01100000000000001,0.1972205489873886,0.139,-0.18387825787067413,-0.16149999999999998,0.33001258969306946,0.31000000000000005,-0.9613282084465027,-0.909
79,436,1,2,2,-0.2726685106754303,-0.1319999999999999,0.28583255410194397,0.2865,-0.7941557168960571,-0.6575,-0.153463676571846,-0.03649999999999998,0.18658015131950378,0.05400000000000005,-0.11277919262647629,-0.11099999999999999,-0.1968240737915039,-0.15700000000000003,0.37744566798210144,0.346
80,440,0,0,0,-0.19073398411273956,-0.09949999999999992,0.0017209091456606984,0.04500000000000004,0.5147963762283325,0.38949999999999996,-0.1722155660390854,-0.010499999999999954,0.14826816320419312,0.11150000000000004,0.09309069812297821,0.06000000000000005,-0.1388242095708847,-0.08699999999999997,-0.266148179769516,-0.2390000000000001
81,446,2,2,2,-0.3383875787258148,-0.19900000000000007,0.5633156895637512,0.519,0.45260968804359436,0.4215,0.18057672679424286,0.028000000000000025,-0.16607050597667694,-0.04699999999999993,0.171123668551445,0.1945,0.10880528390407562,0.09150000000000003,-0.8882952928543091,-0.8234999999999999
82,448,4,4,4,-0.6678853034973145,-0.3759999999999999,-0.26378321647644043,-0.3154999999999999,0.14919570088386536,0.09750000000000003,-0.4123269319534302,-0.038000000000000034,-0.23979610204696655,-0.18900000000000006,-0.09286804497241974,-0.05699999999999994,0.1425711065530777,0.122,-0.3212226331233978,-0.2955000000000001
83,453,1,2,2,-0.5605735778808594,-0.3205,-0.34032347798347473,-0.3095000000000001,-0.2079230546951294,-0.1785000000000001,0.011804136447608471,0.007499999999999951,-0.04581160098314285,-0.08699999999999997,0.19266864657402039,0.16449999999999998,0.09645973145961761,0.08650000000000002,-0.8905959725379944,-0.8145
84,456,0,0,0,0.5142459869384766,0.30200000000000005,-0.40201762318611145,-0.32400000000000007,-0.41918545961380005,-0.36450000000000005,-0.1497848629951477,-0.0004999999999999449,-0.36908847093582153,-0.2789999999999999,0.02050592750310898,0.04749999999999999,-0.2323613464832306,-0.1995,-0.13627025485038757,-0.1379999999999999
85,457,2,2,2,0.23873744904994965,0.15000000000000002,0.5671321749687195,0.5329999999999999,-0.8135157227516174,-0.716,-0.1951589733362198,-0.0020000000000000018,-0.06773791462182999,-0.10000000000000009,-0.2926497161388397,-0.254,0.405699759721756,0.36450000000000005,0.4412260949611664,0.4135
86,468,1,4,4,-0.5733916163444519,-0.32499999999999996,0.12389515340328217,0.136,-0.45682358741760254,-0.3939999999999999,0.03447961434721947,0.02300000000000002,-0.13610787689685822,-0.15749999999999997,-0.12921686470508575,-0.08850000000000002,0.08534923195838928,0.04700000000000004,-0.8847008943557739,-0.8285
87,470,3,3,3,-0.7069818377494812,-0.3979999999999999,0.3863639533519745,0.32399999999999995,0.06649450957775116,0.09199999999999997,0.06490091234445572,0.016000000000000014,0.18064579367637634,0.18799999999999994,0.11306772381067276,0.11150000000000004,-0.2513768970966339,-0.1915,0.27847856283187866,0.264
88,478,2,2,2,0.5409427285194397,0.3095,0.5131843090057373,0.506,-0.8261021971702576,-0.7055,0.1705675572156906,0.006000000000000005,0.307988703250885,0.20950000000000002,-0.018057407811284065,-0.011500000000000066,0.0905531495809555,0.11750000000000005,-0.38044315576553345,-0.3374999999999999
89,484,3,3,3,-0.31740429997444153,-0.1795,0.12384238094091415,0.01649999999999996,-0.17271925508975983,-0.10749999999999993,0.1994190216064453,0.033499999999999974,0.22964617609977722,0.1895,-0.19841384887695312,-0.15149999999999997,0.3486441373825073,0.30800000000000005,-0.6959700584411621,-0.6735
90,494,3,3,3,0.0752580314874649,0.05049999999999999,-0.1363043338060379,-0.13250000000000006,0.20922110974788666,0.11850000000000005,0.014740393497049809,0.008000000000000007,0.18355153501033783,0.12,-0.23003388941287994,-0.1884999999999999,-0.01070915162563324,-0.006000000000000005,0.007088001351803541,0.029000000000000026
91,495,0,0,0,-0.10436779260635376,-0.07600000000000007,-0.33700206875801086,-0.27849999999999997,-0.6031426191329956,-0.45799999999999996,0.1487276703119278,-0.006999999999999895,0.19490179419517517,0.129,-0.24966923892498016,-0.21350000000000002,-0.27190548181533813,-0.23399999999999999,-0.2427423596382141,-0.21599999999999997
92,502,1,1,1,-0.7171797156333923,-0.39349999999999996,-0.1934654414653778,-0.09149999999999991,-0.8032453060150146,-0.7,0.28395429253578186,0.05700000000000005,-0.15626828372478485,-0.15749999999999997,0.22074005007743835,0.22250000000000003,0.09549693763256073,0.08099999999999996,-0.884472131729126,-0.8185
93,517,1,1,1,-0.38303977251052856,-0.22249999999999992,-0.15840093791484833,-0.133,-0.7811599969863892,-0.7150000000000001,-0.20111191272735596,-0.012499999999999956,-0.4332093596458435,-0.3540000000000001,0.031773682683706284,0.04500000000000004,0.1790822446346283,0.16149999999999998,-0.6381266713142395,-0.607
94,520,1,1,1,0.18918022513389587,0.0665,0.0027813001070171595,0.028000000000000025,-0.6015105843544006,-0.5389999999999999,-0.24301886558532715,0.02300000000000002,-0.21914584934711456,-0.20750000000000002,-0.01982726901769638,-0.025500000000000078,-0.0003837872063741088,-0.011500000000000066,-0.6500350832939148,-0.5814999999999999
95,529,2,2,2,0.18914513289928436,0.11250000000000004,0.574672520160675,0.523,-0.7402713298797607,-0.653,-0.007081066258251667,-0.011500000000000066,0.4278859496116638,0.3305,0.36658015847206116,0.3085,-0.4964209794998169,-0.4315,-0.33805277943611145,-0.3194999999999999
96,533,3,3,3,-0.6497067809104919,-0.36149999999999993,-0.08872127532958984,-0.03750000000000009,-0.08776016533374786,-0.05899999999999994,-0.10610105097293854,-0.006000000000000005,-0.2438175082206726,-0.14149999999999996,0.02863221801817417,0.03649999999999998,0.3794926702976227,0.3435,-0.6602619886398315,-0.6234999999999999
97,542,3,3,3,-0.6257315278053284,-0.35749999999999993,-0.028989005833864212,-0.02499999999999991,0.19429676234722137,0.14,0.23196038603782654,0.023499999999999965,0.01897738128900528,0.07799999999999996,0.04200134053826332,0.021499999999999964,0.12928558886051178,0.10450000000000004,-0.6141073107719421,-0.5825
98,546,4,4,4,-0.6859577894210815,-0.375,0.03749947249889374,0.03700000000000003,0.20525765419006348,0.09850000000000003,-0.04446067661046982,-0.02950000000000008,0.11834251135587692,0.14700000000000002,-0.0650218203663826,-0.0694999999999999,-0.265442818403244,-0.22199999999999998,0.34294891357421875,0.3155
99,556,2,2,2,0.11835259944200516,0.0595,0.4832262396812439,0.478,-0.7250200510025024,-0.6495,0.10856925696134567,0.028000000000000025,0.2704400420188904,0.1915,-0.030891234055161476,-0.020999999999999908,-0.09074701368808746,-0.05499999999999994,0.36715298891067505,0.2825
