task_id,campaign,dataset,variant,config,seed,tag,test_acc,bal_test_acc,val_acc,train_acc,total_params,quantum_params,n_qubits,gate,basis,frontend,ablation,source_file
30,scaling,so2sat,adaptive,so2sat_adaptive__nq12__classical_only,42,scaling__so2sat_adaptive__nq12__classical_only__seed42,94.35,94.35,94.19999999999999,,701,176,12,CRY,xyz,global,classical_only,src/sq_seqnn_outputs/so2sat_default_scaling__so2sat_adaptive__nq12__classical_only__seed42/results_so2sat.csv
31,scaling,so2sat,adaptive,so2sat_adaptive__nq12__classical_only,43,scaling__so2sat_adaptive__nq12__classical_only__seed43,93.60000000000001,93.60000000000002,94.3,,701,176,12,CRY,xyz,global,classical_only,src/sq_seqnn_outputs/so2sat_default_scaling__so2sat_adaptive__nq12__classical_only__seed43/results_so2sat.csv
32,scaling,so2sat,adaptive,so2sat_adaptive__nq12__classical_only,44,scaling__so2sat_adaptive__nq12__classical_only__seed44,93.25,93.25,93.60000000000001,,701,176,12,CRY,xyz,global,classical_only,src/sq_seqnn_outputs/so2sat_default_scaling__so2sat_adaptive__nq12__classical_only__seed44/results_so2sat.csv
33,scaling,so2sat,adaptive,so2sat_adaptive__nq12__classical_only,45,scaling__so2sat_adaptive__nq12__classical_only__seed45,92.75,92.75,93.75,,701,176,12,CRY,xyz,global,classical_only,src/sq_seqnn_outputs/so2sat_default_scaling__so2sat_adaptive__nq12__classical_only__seed45/results_so2sat.csv
34,scaling,so2sat,adaptive,so2sat_adaptive__nq12__classical_only,46,scaling__so2sat_adaptive__nq12__classical_only__seed46,94.15,94.15,94.75,,701,176,12,CRY,xyz,global,classical_only,src/sq_seqnn_outputs/so2sat_default_scaling__so2sat_adaptive__nq12__classical_only__seed46/results_so2sat.csv
35,scaling,so2sat,adaptive,so2sat_adaptive__nq12__classical_only,47,scaling__so2sat_adaptive__nq12__classical_only__seed47,93.75,93.75,93.45,,701,176,12,CRY,xyz,global,classical_only,src/sq_seqnn_outputs/so2sat_default_scaling__so2sat_adaptive__nq12__classical_only__seed47/results_so2sat.csv
36,scaling,so2sat,adaptive,so2sat_adaptive__nq12__classical_only,48,scaling__so2sat_adaptive__nq12__classical_only__seed48,92.2,92.2,92.75,,701,176,12,CRY,xyz,global,classical_only,src/sq_seqnn_outputs/so2sat_default_scaling__so2sat_adaptive__nq12__classical_only__seed48/results_so2sat.csv
37,scaling,so2sat,adaptive,so2sat_adaptive__nq12__classical_only,49,scaling__so2sat_adaptive__nq12__classical_only__seed49,94.3,94.3,94.8,,701,176,12,CRY,xyz,global,classical_only,src/sq_seqnn_outputs/so2sat_default_scaling__so2sat_adaptive__nq12__classical_only__seed49/results_so2sat.csv
38,scaling,so2sat,adaptive,so2sat_adaptive__nq12__classical_only,50,scaling__so2sat_adaptive__nq12__classical_only__seed50,93.55,93.55,93.7,,701,176,12,CRY,xyz,global,classical_only,src/sq_seqnn_outputs/so2sat_default_scaling__so2sat_adaptive__nq12__classical_only__seed50/results_so2sat.csv
39,scaling,so2sat,adaptive,so2sat_adaptive__nq12__classical_only,51,scaling__so2sat_adaptive__nq12__classical_only__seed51,94.19999999999999,94.19999999999999,94.45,,701,176,12,CRY,xyz,global,classical_only,src/sq_seqnn_outputs/so2sat_default_scaling__so2sat_adaptive__nq12__classical_only__seed51/results_so2sat.csv
10,scaling,so2sat,adaptive,so2sat_adaptive__nq12__frozen_quantum,42,scaling__so2sat_adaptive__nq12__frozen_quantum__seed42,93.65,93.65,94.19999999999999,,1309,176,12,CRY,xyz,global,frozen_quantum,src/sq_seqnn_outputs/so2sat_default_scaling__so2sat_adaptive__nq12__frozen_quantum__seed42/results_so2sat.csv
11,scaling,so2sat,adaptive,so2sat_adaptive__nq12__frozen_quantum,43,scaling__so2sat_adaptive__nq12__frozen_quantum__seed43,94.8,94.8,94.75,,1309,176,12,CRY,xyz,global,frozen_quantum,src/sq_seqnn_outputs/so2sat_default_scaling__so2sat_adaptive__nq12__frozen_quantum__seed43/results_so2sat.csv
12,scaling,so2sat,adaptive,so2sat_adaptive__nq12__frozen_quantum,44,scaling__so2sat_adaptive__nq12__frozen_quantum__seed44,94.25,94.25,94.25,,1309,176,12,CRY,xyz,global,frozen_quantum,src/sq_seqnn_outputs/so2sat_default_scaling__so2sat_adaptive__nq12__frozen_quantum__seed44/results_so2sat.csv
13,scaling,so2sat,adaptive,so2sat_adaptive__nq12__frozen_quantum,45,scaling__so2sat_adaptive__nq12__frozen_quantum__seed45,93.95,93.95,94.75,,1309,176,12,CRY,xyz,global,frozen_quantum,src/sq_seqnn_outputs/so2sat_default_scaling__so2sat_adaptive__nq12__frozen_quantum__seed45/results_so2sat.csv
14,scaling,so2sat,adaptive,so2sat_adaptive__nq12__frozen_quantum,46,scaling__so2sat_adaptive__nq12__frozen_quantum__seed46,93.89999999999999,93.89999999999999,94.65,,1309,176,12,CRY,xyz,global,frozen_quantum,src/sq_seqnn_outputs/so2sat_default_scaling__so2sat_adaptive__nq12__frozen_quantum__seed46/results_so2sat.csv
15,scaling,so2sat,adaptive,so2sat_adaptive__nq12__frozen_quantum,47,scaling__so2sat_adaptive__nq12__frozen_quantum__seed47,94.39999999999999,94.39999999999999,94.39999999999999,,1309,176,12,CRY,xyz,global,frozen_quantum,src/sq_seqnn_outputs/so2sat_default_scaling__so2sat_adaptive__nq12__frozen_quantum__seed47/results_so2sat.csv
16,scaling,so2sat,adaptive,so2sat_adaptive__nq12__frozen_quantum,48,scaling__so2sat_adaptive__nq12__frozen_quantum__seed48,93.85,93.85,93.7,,1309,176,12,CRY,xyz,global,frozen_quantum,src/sq_seqnn_outputs/so2sat_default_scaling__so2sat_adaptive__nq12__frozen_quantum__seed48/results_so2sat.csv
17,scaling,so2sat,adaptive,so2sat_adaptive__nq12__frozen_quantum,49,scaling__so2sat_adaptive__nq12__frozen_quantum__seed49,94.65,94.65,95.25,,1309,176,12,CRY,xyz,global,frozen_quantum,src/sq_seqnn_outputs/so2sat_default_scaling__so2sat_adaptive__nq12__frozen_quantum__seed49/results_so2sat.csv
18,scaling,so2sat,adaptive,so2sat_adaptive__nq12__frozen_quantum,50,scaling__so2sat_adaptive__nq12__frozen_quantum__seed50,94.45,94.45,94.45,,1309,176,12,CRY,xyz,global,frozen_quantum,src/sq_seqnn_outputs/so2sat_default_scaling__so2sat_adaptive__nq12__frozen_quantum__seed50/results_so2sat.csv
19,scaling,so2sat,adaptive,so2sat_adaptive__nq12__frozen_quantum,51,scaling__so2sat_adaptive__nq12__frozen_quantum__seed51,95.05,95.05,95.05,,1309,176,12,CRY,xyz,global,frozen_quantum,src/sq_seqnn_outputs/so2sat_default_scaling__so2sat_adaptive__nq12__frozen_quantum__seed51/results_so2sat.csv
20,scaling,so2sat,adaptive,so2sat_adaptive__nq12__frozen_rff,42,scaling__so2sat_adaptive__nq12__frozen_rff__seed42,94.55,94.55,94.85,,1133,176,12,CRY,xyz,global,frozen_rff,src/sq_seqnn_outputs/so2sat_default_scaling__so2sat_adaptive__nq12__frozen_rff__seed42/results_so2sat.csv
21,scaling,so2sat,adaptive,so2sat_adaptive__nq12__frozen_rff,43,scaling__so2sat_adaptive__nq12__frozen_rff__seed43,94.3,94.3,94.45,,1133,176,12,CRY,xyz,global,frozen_rff,src/sq_seqnn_outputs/so2sat_default_scaling__so2sat_adaptive__nq12__frozen_rff__seed43/results_so2sat.csv
22,scaling,so2sat,adaptive,so2sat_adaptive__nq12__frozen_rff,44,scaling__so2sat_adaptive__nq12__frozen_rff__seed44,94.35,94.35,94.3,,1133,176,12,CRY,xyz,global,frozen_rff,src/sq_seqnn_outputs/so2sat_default_scaling__so2sat_adaptive__nq12__frozen_rff__seed44/results_so2sat.csv
23,scaling,so2sat,adaptive,so2sat_adaptive__nq12__frozen_rff,45,scaling__so2sat_adaptive__nq12__frozen_rff__seed45,94.0,94.0,94.65,,1133,176,12,CRY,xyz,global,frozen_rff,src/sq_seqnn_outputs/so2sat_default_scaling__so2sat_adaptive__nq12__frozen_rff__seed45/results_so2sat.csv
24,scaling,so2sat,adaptive,so2sat_adaptive__nq12__frozen_rff,46,scaling__so2sat_adaptive__nq12__frozen_rff__seed46,94.39999999999999,94.39999999999999,94.65,,1133,176,12,CRY,xyz,global,frozen_rff,src/sq_seqnn_outputs/so2sat_default_scaling__so2sat_adaptive__nq12__frozen_rff__seed46/results_so2sat.csv
25,scaling,so2sat,adaptive,so2sat_adaptive__nq12__frozen_rff,47,scaling__so2sat_adaptive__nq12__frozen_rff__seed47,94.0,94.0,94.05,,1133,176,12,CRY,xyz,global,frozen_rff,src/sq_seqnn_outputs/so2sat_default_scaling__so2sat_adaptive__nq12__frozen_rff__seed47/results_so2sat.csv
26,scaling,so2sat,adaptive,so2sat_adaptive__nq12__frozen_rff,48,scaling__so2sat_adaptive__nq12__frozen_rff__seed48,94.25,94.25,94.0,,1133,176,12,CRY,xyz,global,frozen_rff,src/sq_seqnn_outputs/so2sat_default_scaling__so2sat_adaptive__nq12__frozen_rff__seed48/results_so2sat.csv
27,scaling,so2sat,adaptive,so2sat_adaptive__nq12__frozen_rff,49,scaling__so2sat_adaptive__nq12__frozen_rff__seed49,94.25,94.25,95.25,,1133,176,12,CRY,xyz,global,frozen_rff,src/sq_seqnn_outputs/so2sat_default_scaling__so2sat_adaptive__nq12__frozen_rff__seed49/results_so2sat.csv
28,scaling,so2sat,adaptive,so2sat_adaptive__nq12__frozen_rff,50,scaling__so2sat_adaptive__nq12__frozen_rff__seed50,94.1,94.09999999999998,94.5,,1133,176,12,CRY,xyz,global,frozen_rff,src/sq_seqnn_outputs/so2sat_default_scaling__so2sat_adaptive__nq12__frozen_rff__seed50/results_so2sat.csv
29,scaling,so2sat,adaptive,so2sat_adaptive__nq12__frozen_rff,51,scaling__so2sat_adaptive__nq12__frozen_rff__seed51,95.35,95.35,94.95,,1133,176,12,CRY,xyz,global,frozen_rff,src/sq_seqnn_outputs/so2sat_default_scaling__so2sat_adaptive__nq12__frozen_rff__seed51/results_so2sat.csv
0,scaling,so2sat,adaptive,so2sat_adaptive__nq12__none,42,scaling__so2sat_adaptive__nq12__none__seed42,94.45,94.45,94.39999999999999,,1309,176,12,CRY,xyz,global,none,src/sq_seqnn_outputs/so2sat_default_scaling__so2sat_adaptive__nq12__none__seed42/results_so2sat.csv
1,scaling,so2sat,adaptive,so2sat_adaptive__nq12__none,43,scaling__so2sat_adaptive__nq12__none__seed43,94.15,94.15,94.5,,1309,176,12,CRY,xyz,global,none,src/sq_seqnn_outputs/so2sat_default_scaling__so2sat_adaptive__nq12__none__seed43/results_so2sat.csv
2,scaling,so2sat,adaptive,so2sat_adaptive__nq12__none,44,scaling__so2sat_adaptive__nq12__none__seed44,93.89999999999999,93.89999999999999,94.15,,1309,176,12,CRY,xyz,global,none,src/sq_seqnn_outputs/so2sat_default_scaling__so2sat_adaptive__nq12__none__seed44/results_so2sat.csv
3,scaling,so2sat,adaptive,so2sat_adaptive__nq12__none,45,scaling__so2sat_adaptive__nq12__none__seed45,94.1,94.1,94.15,,1309,176,12,CRY,xyz,global,none,src/sq_seqnn_outputs/so2sat_default_scaling__so2sat_adaptive__nq12__none__seed45/results_so2sat.csv
4,scaling,so2sat,adaptive,so2sat_adaptive__nq12__none,46,scaling__so2sat_adaptive__nq12__none__seed46,94.25,94.25,94.85,,1309,176,12,CRY,xyz,global,none,src/sq_seqnn_outputs/so2sat_default_scaling__so2sat_adaptive__nq12__none__seed46/results_so2sat.csv
5,scaling,so2sat,adaptive,so2sat_adaptive__nq12__none,47,scaling__so2sat_adaptive__nq12__none__seed47,93.85,93.85,94.1,,1309,176,12,CRY,xyz,global,none,src/sq_seqnn_outputs/so2sat_default_scaling__so2sat_adaptive__nq12__none__seed47/results_so2sat.csv
6,scaling,so2sat,adaptive,so2sat_adaptive__nq12__none,48,scaling__so2sat_adaptive__nq12__none__seed48,93.0,93.0,93.5,,1309,176,12,CRY,xyz,global,none,src/sq_seqnn_outputs/so2sat_default_scaling__so2sat_adaptive__nq12__none__seed48/results_so2sat.csv
7,scaling,so2sat,adaptive,so2sat_adaptive__nq12__none,49,scaling__so2sat_adaptive__nq12__none__seed49,94.35,94.35,95.19999999999999,,1309,176,12,CRY,xyz,global,none,src/sq_seqnn_outputs/so2sat_default_scaling__so2sat_adaptive__nq12__none__seed49/results_so2sat.csv
8,scaling,so2sat,adaptive,so2sat_adaptive__nq12__none,50,scaling__so2sat_adaptive__nq12__none__seed50,94.15,94.15,94.05,,1309,176,12,CRY,xyz,global,none,src/sq_seqnn_outputs/so2sat_default_scaling__so2sat_adaptive__nq12__none__seed50/results_so2sat.csv
9,scaling,so2sat,adaptive,so2sat_adaptive__nq12__none,51,scaling__so2sat_adaptive__nq12__none__seed51,95.1,95.1,95.05,,1309,176,12,CRY,xyz,global,none,src/sq_seqnn_outputs/so2sat_default_scaling__so2sat_adaptive__nq12__none__seed51/results_so2sat.csv
70,scaling,so2sat,adaptive,so2sat_adaptive__nq13__classical_only,42,scaling__so2sat_adaptive__nq13__classical_only__seed42,94.05,94.05,94.1,,734,192,13,CRY,xyz,global,classical_only,src/sq_seqnn_outputs/so2sat_default_scaling__so2sat_adaptive__nq13__classical_only__seed42/results_so2sat.csv
71,scaling,so2sat,adaptive,so2sat_adaptive__nq13__classical_only,43,scaling__so2sat_adaptive__nq13__classical_only__seed43,93.95,93.95,94.15,,734,192,13,CRY,xyz,global,classical_only,src/sq_seqnn_outputs/so2sat_default_scaling__so2sat_adaptive__nq13__classical_only__seed43/results_so2sat.csv
72,scaling,so2sat,adaptive,so2sat_adaptive__nq13__classical_only,44,scaling__so2sat_adaptive__nq13__classical_only__seed44,93.35,93.35,93.95,,734,192,13,CRY,xyz,global,classical_only,src/sq_seqnn_outputs/so2sat_default_scaling__so2sat_adaptive__nq13__classical_only__seed44/results_so2sat.csv
73,scaling,so2sat,adaptive,so2sat_adaptive__nq13__classical_only,45,scaling__so2sat_adaptive__nq13__classical_only__seed45,92.60000000000001,92.60000000000001,93.7,,734,192,13,CRY,xyz,global,classical_only,src/sq_seqnn_outputs/so2sat_default_scaling__so2sat_adaptive__nq13__classical_only__seed45/results_so2sat.csv
74,scaling,so2sat,adaptive,so2sat_adaptive__nq13__classical_only,46,scaling__so2sat_adaptive__nq13__classical_only__seed46,93.60000000000001,93.60000000000001,94.19999999999999,,734,192,13,CRY,xyz,global,classical_only,src/sq_seqnn_outputs/so2sat_default_scaling__so2sat_adaptive__nq13__classical_only__seed46/results_so2sat.csv
75,scaling,so2sat,adaptive,so2sat_adaptive__nq13__classical_only,47,scaling__so2sat_adaptive__nq13__classical_only__seed47,93.30000000000001,93.30000000000001,93.30000000000001,,734,192,13,CRY,xyz,global,classical_only,src/sq_seqnn_outputs/so2sat_default_scaling__so2sat_adaptive__nq13__classical_only__seed47/results_so2sat.csv
76,scaling,so2sat,adaptive,so2sat_adaptive__nq13__classical_only,48,scaling__so2sat_adaptive__nq13__classical_only__seed48,93.30000000000001,93.30000000000001,93.15,,734,192,13,CRY,xyz,global,classical_only,src/sq_seqnn_outputs/so2sat_default_scaling__so2sat_adaptive__nq13__classical_only__seed48/results_so2sat.csv
77,scaling,so2sat,adaptive,so2sat_adaptive__nq13__classical_only,49,scaling__so2sat_adaptive__nq13__classical_only__seed49,94.15,94.15,95.05,,734,192,13,CRY,xyz,global,classical_only,src/sq_seqnn_outputs/so2sat_default_scaling__so2sat_adaptive__nq13__classical_only__seed49/results_so2sat.csv
78,scaling,so2sat,adaptive,so2sat_adaptive__nq13__classical_only,50,scaling__so2sat_adaptive__nq13__classical_only__seed50,93.60000000000001,93.60000000000001,93.95,,734,192,13,CRY,xyz,global,classical_only,src/sq_seqnn_outputs/so2sat_default_scaling__so2sat_adaptive__nq13__classical_only__seed50/results_so2sat.csv
79,scaling,so2sat,adaptive,so2sat_adaptive__nq13__classical_only,51,scaling__so2sat_adaptive__nq13__classical_only__seed51,94.15,94.15,94.35,,734,192,13,CRY,xyz,global,classical_only,src/sq_seqnn_outputs/so2sat_default_scaling__so2sat_adaptive__nq13__classical_only__seed51/results_so2sat.csv
50,scaling,so2sat,adaptive,so2sat_adaptive__nq13__frozen_quantum,42,scaling__so2sat_adaptive__nq13__frozen_quantum__seed42,94.3,94.3,94.6,,1394,192,13,CRY,xyz,global,frozen_quantum,src/sq_seqnn_outputs/so2sat_default_scaling__so2sat_adaptive__nq13__frozen_quantum__seed42/results_so2sat.csv
51,scaling,so2sat,adaptive,so2sat_adaptive__nq13__frozen_quantum,43,scaling__so2sat_adaptive__nq13__frozen_quantum__seed43,94.85,94.85,94.69999999999999,,1394,192,13,CRY,xyz,global,frozen_quantum,src/sq_seqnn_outputs/so2sat_default_scaling__so2sat_adaptive__nq13__frozen_quantum__seed43/results_so2sat.csv
52,scaling,so2sat,adaptive,so2sat_adaptive__nq13__frozen_quantum,44,scaling__so2sat_adaptive__nq13__frozen_quantum__seed44,94.3,94.3,94.8,,1394,192,13,CRY,xyz,global,frozen_quantum,src/sq_seqnn_outputs/so2sat_default_scaling__so2sat_adaptive__nq13__frozen_quantum__seed44/results_so2sat.csv
53,scaling,so2sat,adaptive,so2sat_adaptive__nq13__frozen_quantum,45,scaling__so2sat_adaptive__nq13__frozen_quantum__seed45,93.7,93.7,94.45,,1394,192,13,CRY,xyz,global,frozen_quantum,src/sq_seqnn_outputs/so2sat_default_scaling__so2sat_adaptive__nq13__frozen_quantum__seed45/results_so2sat.csv
54,scaling,so2sat,adaptive,so2sat_adaptive__nq13__frozen_quantum,46,scaling__so2sat_adaptive__nq13__frozen_quantum__seed46,94.55,94.55,94.8,,1394,192,13,CRY,xyz,global,frozen_quantum,src/sq_seqnn_outputs/so2sat_default_scaling__so2sat_adaptive__nq13__frozen_quantum__seed46/results_so2sat.csv
55,scaling,so2sat,adaptive,so2sat_adaptive__nq13__frozen_quantum,47,scaling__so2sat_adaptive__nq13__frozen_quantum__seed47,94.15,94.15,94.35,,1394,192,13,CRY,xyz,global,frozen_quantum,src/sq_seqnn_outputs/so2sat_default_scaling__so2sat_adaptive__nq13__frozen_quantum__seed47/results_so2sat.csv
56,scaling,so2sat,adaptive,so2sat_adaptive__nq13__frozen_quantum,48,scaling__so2sat_adaptive__nq13__frozen_quantum__seed48,94.0,94.0,93.85,,1394,192,13,CRY,xyz,global,frozen_quantum,src/sq_seqnn_outputs/so2sat_default_scaling__so2sat_adaptive__nq13__frozen_quantum__seed48/results_so2sat.csv
57,scaling,so2sat,adaptive,so2sat_adaptive__nq13__frozen_quantum,49,scaling__so2sat_adaptive__nq13__frozen_quantum__seed49,94.45,94.45,94.95,,1394,192,13,CRY,xyz,global,frozen_quantum,src/sq_seqnn_outputs/so2sat_default_scaling__so2sat_adaptive__nq13__frozen_quantum__seed49/results_so2sat.csv
58,scaling,so2sat,adaptive,so2sat_adaptive__nq13__frozen_quantum,50,scaling__so2sat_adaptive__nq13__frozen_quantum__seed50,94.6,94.6,94.3,,1394,192,13,CRY,xyz,global,frozen_quantum,src/sq_seqnn_outputs/so2sat_default_scaling__so2sat_adaptive__nq13__frozen_quantum__seed50/results_so2sat.csv
59,scaling,so2sat,adaptive,so2sat_adaptive__nq13__frozen_quantum,51,scaling__so2sat_adaptive__nq13__frozen_quantum__seed51,94.95,94.95,94.8,,1394,192,13,CRY,xyz,global,frozen_quantum,src/sq_seqnn_outputs/so2sat_default_scaling__so2sat_adaptive__nq13__frozen_quantum__seed51/results_so2sat.csv
60,scaling,so2sat,adaptive,so2sat_adaptive__nq13__frozen_rff,42,scaling__so2sat_adaptive__nq13__frozen_rff__seed42,94.45,94.45,94.39999999999999,,1202,192,13,CRY,xyz,global,frozen_rff,src/sq_seqnn_outputs/so2sat_default_scaling__so2sat_adaptive__nq13__frozen_rff__seed42/results_so2sat.csv
61,scaling,so2sat,adaptive,so2sat_adaptive__nq13__frozen_rff,43,scaling__so2sat_adaptive__nq13__frozen_rff__seed43,94.85,94.85,94.95,,1202,192,13,CRY,xyz,global,frozen_rff,src/sq_seqnn_outputs/so2sat_default_scaling__so2sat_adaptive__nq13__frozen_rff__seed43/results_so2sat.csv
62,scaling,so2sat,adaptive,so2sat_adaptive__nq13__frozen_rff,44,scaling__so2sat_adaptive__nq13__frozen_rff__seed44,94.65,94.65,94.75,,1202,192,13,CRY,xyz,global,frozen_rff,src/sq_seqnn_outputs/so2sat_default_scaling__so2sat_adaptive__nq13__frozen_rff__seed44/results_so2sat.csv
63,scaling,so2sat,adaptive,so2sat_adaptive__nq13__frozen_rff,45,scaling__so2sat_adaptive__nq13__frozen_rff__seed45,93.85,93.85,94.25,,1202,192,13,CRY,xyz,global,frozen_rff,src/sq_seqnn_outputs/so2sat_default_scaling__so2sat_adaptive__nq13__frozen_rff__seed45/results_so2sat.csv
64,scaling,so2sat,adaptive,so2sat_adaptive__nq13__frozen_rff,46,scaling__so2sat_adaptive__nq13__frozen_rff__seed46,94.05,94.05,94.85,,1202,192,13,CRY,xyz,global,frozen_rff,src/sq_seqnn_outputs/so2sat_default_scaling__so2sat_adaptive__nq13__frozen_rff__seed46/results_so2sat.csv
65,scaling,so2sat,adaptive,so2sat_adaptive__nq13__frozen_rff,47,scaling__so2sat_adaptive__nq13__frozen_rff__seed47,94.45,94.45,93.89999999999999,,1202,192,13,CRY,xyz,global,frozen_rff,src/sq_seqnn_outputs/so2sat_default_scaling__so2sat_adaptive__nq13__frozen_rff__seed47/results_so2sat.csv
66,scaling,so2sat,adaptive,so2sat_adaptive__nq13__frozen_rff,48,scaling__so2sat_adaptive__nq13__frozen_rff__seed48,93.2,93.2,93.15,,1202,192,13,CRY,xyz,global,frozen_rff,src/sq_seqnn_outputs/so2sat_default_scaling__so2sat_adaptive__nq13__frozen_rff__seed48/results_so2sat.csv
67,scaling,so2sat,adaptive,so2sat_adaptive__nq13__frozen_rff,49,scaling__so2sat_adaptive__nq13__frozen_rff__seed49,94.69999999999999,94.69999999999999,95.25,,1202,192,13,CRY,xyz,global,frozen_rff,src/sq_seqnn_outputs/so2sat_default_scaling__so2sat_adaptive__nq13__frozen_rff__seed49/results_so2sat.csv
68,scaling,so2sat,adaptive,so2sat_adaptive__nq13__frozen_rff,50,scaling__so2sat_adaptive__nq13__frozen_rff__seed50,94.05,94.05,94.39999999999999,,1202,192,13,CRY,xyz,global,frozen_rff,src/sq_seqnn_outputs/so2sat_default_scaling__so2sat_adaptive__nq13__frozen_rff__seed50/results_so2sat.csv
69,scaling,so2sat,adaptive,so2sat_adaptive__nq13__frozen_rff,51,scaling__so2sat_adaptive__nq13__frozen_rff__seed51,94.65,94.65,94.6,,1202,192,13,CRY,xyz,global,frozen_rff,src/sq_seqnn_outputs/so2sat_default_scaling__so2sat_adaptive__nq13__frozen_rff__seed51/results_so2sat.csv
40,scaling,so2sat,adaptive,so2sat_adaptive__nq13__none,42,scaling__so2sat_adaptive__nq13__none__seed42,94.35,94.35,94.39999999999999,,1394,192,13,CRY,xyz,global,none,src/sq_seqnn_outputs/so2sat_default_scaling__so2sat_adaptive__nq13__none__seed42/results_so2sat.csv
41,scaling,so2sat,adaptive,so2sat_adaptive__nq13__none,43,scaling__so2sat_adaptive__nq13__none__seed43,94.35,94.35,94.35,,1394,192,13,CRY,xyz,global,none,src/sq_seqnn_outputs/so2sat_default_scaling__so2sat_adaptive__nq13__none__seed43/results_so2sat.csv
42,scaling,so2sat,adaptive,so2sat_adaptive__nq13__none,44,scaling__so2sat_adaptive__nq13__none__seed44,94.0,94.0,94.55,,1394,192,13,CRY,xyz,global,none,src/sq_seqnn_outputs/so2sat_default_scaling__so2sat_adaptive__nq13__none__seed44/results_so2sat.csv
43,scaling,so2sat,adaptive,so2sat_adaptive__nq13__none,45,scaling__so2sat_adaptive__nq13__none__seed45,92.60000000000001,92.60000000000001,93.95,,1394,192,13,CRY,xyz,global,none,src/sq_seqnn_outputs/so2sat_default_scaling__so2sat_adaptive__nq13__none__seed45/results_so2sat.csv
44,scaling,so2sat,adaptive,so2sat_adaptive__nq13__none,46,scaling__so2sat_adaptive__nq13__none__seed46,94.6,94.6,95.39999999999999,,1394,192,13,CRY,xyz,global,none,src/sq_seqnn_outputs/so2sat_default_scaling__so2sat_adaptive__nq13__none__seed46/results_so2sat.csv
45,scaling,so2sat,adaptive,so2sat_adaptive__nq13__none,47,scaling__so2sat_adaptive__nq13__none__seed47,94.6,94.6,94.75,,1394,192,13,CRY,xyz,global,none,src/sq_seqnn_outputs/so2sat_default_scaling__so2sat_adaptive__nq13__none__seed47/results_so2sat.csv
46,scaling,so2sat,adaptive,so2sat_adaptive__nq13__none,48,scaling__so2sat_adaptive__nq13__none__seed48,94.45,94.45,94.35,,1394,192,13,CRY,xyz,global,none,src/sq_seqnn_outputs/so2sat_default_scaling__so2sat_adaptive__nq13__none__seed48/results_so2sat.csv
47,scaling,so2sat,adaptive,so2sat_adaptive__nq13__none,49,scaling__so2sat_adaptive__nq13__none__seed49,94.39999999999999,94.39999999999999,94.85,,1394,192,13,CRY,xyz,global,none,src/sq_seqnn_outputs/so2sat_default_scaling__so2sat_adaptive__nq13__none__seed49/results_so2sat.csv
48,scaling,so2sat,adaptive,so2sat_adaptive__nq13__none,50,scaling__so2sat_adaptive__nq13__none__seed50,94.5,94.5,94.19999999999999,,1394,192,13,CRY,xyz,global,none,src/sq_seqnn_outputs/so2sat_default_scaling__so2sat_adaptive__nq13__none__seed50/results_so2sat.csv
49,scaling,so2sat,adaptive,so2sat_adaptive__nq13__none,51,scaling__so2sat_adaptive__nq13__none__seed51,94.89999999999999,94.89999999999999,95.1,,1394,192,13,CRY,xyz,global,none,src/sq_seqnn_outputs/so2sat_default_scaling__so2sat_adaptive__nq13__none__seed51/results_so2sat.csv
