task_id,campaign,dataset,variant,config,seed,tag,test_acc,bal_test_acc,val_acc,train_acc,total_params,quantum_params,n_qubits,gate,basis,frontend,ablation,source_file,teacher,teacher_radius,teacher_seed,teacher_counts,teacher_rel_dist,teacher_lin_descriptor,teacher_lin_angles,teacher_lin_readout
12,teacher_pilot,so2sat,adaptive,so2sat_adaptive__teacher_far__classical_only,42,teacher_pilot__so2sat_adaptive__teacher_far__classical_only__seed42,84.95,84.72364852483635,84.15,,635,144,10,CRY,xyz,global,classical_only,src/sq_seqnn_outputs/so2sat_default_teacher_pilot__so2sat_adaptive__teacher_far__classical_only__seed42/results_so2sat.csv,far,,2026,"[2007, 1986, 2018, 1996, 1993]",0.6827495098114014,0.6035,0.6255,0.978
13,teacher_pilot,so2sat,adaptive,so2sat_adaptive__teacher_far__classical_only,43,teacher_pilot__so2sat_adaptive__teacher_far__classical_only__seed43,83.8,83.82060618458054,85.2,,635,144,10,CRY,xyz,global,classical_only,src/sq_seqnn_outputs/so2sat_default_teacher_pilot__so2sat_adaptive__teacher_far__classical_only__seed43/results_so2sat.csv,far,,2026,"[2016, 1986, 1999, 2002, 1997]",0.7051052451133728,0.573,0.601,0.9675
14,teacher_pilot,so2sat,adaptive,so2sat_adaptive__teacher_far__classical_only,44,teacher_pilot__so2sat_adaptive__teacher_far__classical_only__seed44,83.3,83.34655589888149,84.8,,635,144,10,CRY,xyz,global,classical_only,src/sq_seqnn_outputs/so2sat_default_teacher_pilot__so2sat_adaptive__teacher_far__classical_only__seed44/results_so2sat.csv,far,,2026,"[1986, 1997, 2018, 1999, 2000]",0.7815070748329163,0.6015,0.647,0.971
6,teacher_pilot,so2sat,adaptive,so2sat_adaptive__teacher_far__frozen_quantum,42,teacher_pilot__so2sat_adaptive__teacher_far__frozen_quantum__seed42,89.7,89.59826080352252,88.4,,1139,144,10,CRY,xyz,global,frozen_quantum,src/sq_seqnn_outputs/so2sat_default_teacher_pilot__so2sat_adaptive__teacher_far__frozen_quantum__seed42/results_so2sat.csv,far,,2026,"[2007, 1986, 2018, 1996, 1993]",0.6827495098114014,0.6035,0.6255,0.978
7,teacher_pilot,so2sat,adaptive,so2sat_adaptive__teacher_far__frozen_quantum,43,teacher_pilot__so2sat_adaptive__teacher_far__frozen_quantum__seed43,87.7,87.6815033951184,88.94999999999999,,1139,144,10,CRY,xyz,global,frozen_quantum,src/sq_seqnn_outputs/so2sat_default_teacher_pilot__so2sat_adaptive__teacher_far__frozen_quantum__seed43/results_so2sat.csv,far,,2026,"[2016, 1986, 1999, 2002, 1997]",0.7051052451133728,0.573,0.601,0.9675
8,teacher_pilot,so2sat,adaptive,so2sat_adaptive__teacher_far__frozen_quantum,44,teacher_pilot__so2sat_adaptive__teacher_far__frozen_quantum__seed44,86.75,86.72676150292429,87.85,,1139,144,10,CRY,xyz,global,frozen_quantum,src/sq_seqnn_outputs/so2sat_default_teacher_pilot__so2sat_adaptive__teacher_far__frozen_quantum__seed44/results_so2sat.csv,far,,2026,"[1986, 1997, 2018, 1999, 2000]",0.7815070748329163,0.6015,0.647,0.971
9,teacher_pilot,so2sat,adaptive,so2sat_adaptive__teacher_far__frozen_rff,42,teacher_pilot__so2sat_adaptive__teacher_far__frozen_rff__seed42,90.4,90.43721793916755,88.35,,995,144,10,CRY,xyz,global,frozen_rff,src/sq_seqnn_outputs/so2sat_default_teacher_pilot__so2sat_adaptive__teacher_far__frozen_rff__seed42/results_so2sat.csv,far,,2026,"[2007, 1986, 2018, 1996, 1993]",0.6827495098114014,0.6035,0.6255,0.978
10,teacher_pilot,so2sat,adaptive,so2sat_adaptive__teacher_far__frozen_rff,43,teacher_pilot__so2sat_adaptive__teacher_far__frozen_rff__seed43,86.8,86.8286586374604,88.85,,995,144,10,CRY,xyz,global,frozen_rff,src/sq_seqnn_outputs/so2sat_default_teacher_pilot__so2sat_adaptive__teacher_far__frozen_rff__seed43/results_so2sat.csv,far,,2026,"[2016, 1986, 1999, 2002, 1997]",0.7051052451133728,0.573,0.601,0.9675
11,teacher_pilot,so2sat,adaptive,so2sat_adaptive__teacher_far__frozen_rff,44,teacher_pilot__so2sat_adaptive__teacher_far__frozen_rff__seed44,88.64999999999999,88.62329265623839,88.35,,995,144,10,CRY,xyz,global,frozen_rff,src/sq_seqnn_outputs/so2sat_default_teacher_pilot__so2sat_adaptive__teacher_far__frozen_rff__seed44/results_so2sat.csv,far,,2026,"[1986, 1997, 2018, 1999, 2000]",0.7815070748329163,0.6015,0.647,0.971
0,teacher_pilot,so2sat,adaptive,so2sat_adaptive__teacher_far__none,42,teacher_pilot__so2sat_adaptive__teacher_far__none__seed42,90.5,90.38277648754935,89.60000000000001,,1139,144,10,CRY,xyz,global,none,src/sq_seqnn_outputs/so2sat_default_teacher_pilot__so2sat_adaptive__teacher_far__none__seed42/results_so2sat.csv,far,,2026,"[2007, 1986, 2018, 1996, 1993]",0.6827495098114014,0.6035,0.6255,0.978
1,teacher_pilot,so2sat,adaptive,so2sat_adaptive__teacher_far__none,43,teacher_pilot__so2sat_adaptive__teacher_far__none__seed43,86.45,86.43097162385752,87.55,,1139,144,10,CRY,xyz,global,none,src/sq_seqnn_outputs/so2sat_default_teacher_pilot__so2sat_adaptive__teacher_far__none__seed43/results_so2sat.csv,far,,2026,"[2016, 1986, 1999, 2002, 1997]",0.7051052451133728,0.573,0.601,0.9675
2,teacher_pilot,so2sat,adaptive,so2sat_adaptive__teacher_far__none,44,teacher_pilot__so2sat_adaptive__teacher_far__none__seed44,88.35,88.32302903814534,87.85,,1139,144,10,CRY,xyz,global,none,src/sq_seqnn_outputs/so2sat_default_teacher_pilot__so2sat_adaptive__teacher_far__none__seed44/results_so2sat.csv,far,,2026,"[1986, 1997, 2018, 1999, 2000]",0.7815070748329163,0.6015,0.647,0.971
3,teacher_pilot,so2sat,adaptive,so2sat_adaptive__teacher_far__none_rhoq1,42,teacher_pilot__so2sat_adaptive__teacher_far__none_rhoq1__seed42,90.64999999999999,90.51987019259487,90.05,,1139,144,10,CRY,xyz,global,none,src/sq_seqnn_outputs/so2sat_default_teacher_pilot__so2sat_adaptive__teacher_far__none_rhoq1__seed42/results_so2sat.csv,far,,2026,"[2007, 1986, 2018, 1996, 1993]",0.6827495098114014,0.6035,0.6255,0.978
4,teacher_pilot,so2sat,adaptive,so2sat_adaptive__teacher_far__none_rhoq1,43,teacher_pilot__so2sat_adaptive__teacher_far__none_rhoq1__seed43,89.64999999999999,89.63288843524579,89.25,,1139,144,10,CRY,xyz,global,none,src/sq_seqnn_outputs/so2sat_default_teacher_pilot__so2sat_adaptive__teacher_far__none_rhoq1__seed43/results_so2sat.csv,far,,2026,"[2016, 1986, 1999, 2002, 1997]",0.7051052451133728,0.573,0.601,0.9675
5,teacher_pilot,so2sat,adaptive,so2sat_adaptive__teacher_far__none_rhoq1,44,teacher_pilot__so2sat_adaptive__teacher_far__none_rhoq1__seed44,89.7,89.71305858224463,90.25,,1139,144,10,CRY,xyz,global,none,src/sq_seqnn_outputs/so2sat_default_teacher_pilot__so2sat_adaptive__teacher_far__none_rhoq1__seed44/results_so2sat.csv,far,,2026,"[1986, 1997, 2018, 1999, 2000]",0.7815070748329163,0.6015,0.647,0.971
27,teacher_pilot,so2sat,adaptive,so2sat_adaptive__teacher_near__classical_only,42,teacher_pilot__so2sat_adaptive__teacher_near__classical_only__seed42,86.7,86.50987311775211,86.6,,635,144,10,CRY,xyz,global,classical_only,src/sq_seqnn_outputs/so2sat_default_teacher_pilot__so2sat_adaptive__teacher_near__classical_only__seed42/results_so2sat.csv,near,0.1,2026,"[1988, 2004, 1996, 2008, 2004]",0.1000000014901161,0.661,0.725,0.98
28,teacher_pilot,so2sat,adaptive,so2sat_adaptive__teacher_near__classical_only,43,teacher_pilot__so2sat_adaptive__teacher_near__classical_only__seed43,73.4,73.24683525613256,74.7,,635,144,10,CRY,xyz,global,classical_only,src/sq_seqnn_outputs/so2sat_default_teacher_pilot__so2sat_adaptive__teacher_near__classical_only__seed43/results_so2sat.csv,near,0.1,2026,"[1985, 2017, 2001, 2009, 1988]",0.1000000163912773,0.5395,0.5605,0.9695
29,teacher_pilot,so2sat,adaptive,so2sat_adaptive__teacher_near__classical_only,44,teacher_pilot__so2sat_adaptive__teacher_near__classical_only__seed44,81.6,81.79721797002024,80.80000000000001,,635,144,10,CRY,xyz,global,classical_only,src/sq_seqnn_outputs/so2sat_default_teacher_pilot__so2sat_adaptive__teacher_near__classical_only__seed44/results_so2sat.csv,near,0.1,2026,"[1995, 2002, 1997, 1996, 2010]",0.1000000014901161,0.518,0.523,0.9765
21,teacher_pilot,so2sat,adaptive,so2sat_adaptive__teacher_near__frozen_quantum,42,teacher_pilot__so2sat_adaptive__teacher_near__frozen_quantum__seed42,89.9,89.85442142996247,89.05,,1139,144,10,CRY,xyz,global,frozen_quantum,src/sq_seqnn_outputs/so2sat_default_teacher_pilot__so2sat_adaptive__teacher_near__frozen_quantum__seed42/results_so2sat.csv,near,0.1,2026,"[1988, 2004, 1996, 2008, 2004]",0.1000000014901161,0.661,0.725,0.98
22,teacher_pilot,so2sat,adaptive,so2sat_adaptive__teacher_near__frozen_quantum,43,teacher_pilot__so2sat_adaptive__teacher_near__frozen_quantum__seed43,83.35000000000001,83.23625807140314,84.35000000000001,,1139,144,10,CRY,xyz,global,frozen_quantum,src/sq_seqnn_outputs/so2sat_default_teacher_pilot__so2sat_adaptive__teacher_near__frozen_quantum__seed43/results_so2sat.csv,near,0.1,2026,"[1985, 2017, 2001, 2009, 1988]",0.1000000163912773,0.5395,0.5605,0.9695
23,teacher_pilot,so2sat,adaptive,so2sat_adaptive__teacher_near__frozen_quantum,44,teacher_pilot__so2sat_adaptive__teacher_near__frozen_quantum__seed44,90.2,90.18762900508877,88.6,,1139,144,10,CRY,xyz,global,frozen_quantum,src/sq_seqnn_outputs/so2sat_default_teacher_pilot__so2sat_adaptive__teacher_near__frozen_quantum__seed44/results_so2sat.csv,near,0.1,2026,"[1995, 2002, 1997, 1996, 2010]",0.1000000014901161,0.518,0.523,0.9765
24,teacher_pilot,so2sat,adaptive,so2sat_adaptive__teacher_near__frozen_rff,42,teacher_pilot__so2sat_adaptive__teacher_near__frozen_rff__seed42,90.45,90.43737296837496,90.3,,995,144,10,CRY,xyz,global,frozen_rff,src/sq_seqnn_outputs/so2sat_default_teacher_pilot__so2sat_adaptive__teacher_near__frozen_rff__seed42/results_so2sat.csv,near,0.1,2026,"[1988, 2004, 1996, 2008, 2004]",0.1000000014901161,0.661,0.725,0.98
25,teacher_pilot,so2sat,adaptive,so2sat_adaptive__teacher_near__frozen_rff,43,teacher_pilot__so2sat_adaptive__teacher_near__frozen_rff__seed43,79.55,79.44857557376046,80.95,,995,144,10,CRY,xyz,global,frozen_rff,src/sq_seqnn_outputs/so2sat_default_teacher_pilot__so2sat_adaptive__teacher_near__frozen_rff__seed43/results_so2sat.csv,near,0.1,2026,"[1985, 2017, 2001, 2009, 1988]",0.1000000163912773,0.5395,0.5605,0.9695
26,teacher_pilot,so2sat,adaptive,so2sat_adaptive__teacher_near__frozen_rff,44,teacher_pilot__so2sat_adaptive__teacher_near__frozen_rff__seed44,89.3,89.31999362581078,88.3,,995,144,10,CRY,xyz,global,frozen_rff,src/sq_seqnn_outputs/so2sat_default_teacher_pilot__so2sat_adaptive__teacher_near__frozen_rff__seed44/results_so2sat.csv,near,0.1,2026,"[1995, 2002, 1997, 1996, 2010]",0.1000000014901161,0.518,0.523,0.9765
15,teacher_pilot,so2sat,adaptive,so2sat_adaptive__teacher_near__none,42,teacher_pilot__so2sat_adaptive__teacher_near__none__seed42,88.25,87.98856092356988,88.35,,1139,144,10,CRY,xyz,global,none,src/sq_seqnn_outputs/so2sat_default_teacher_pilot__so2sat_adaptive__teacher_near__none__seed42/results_so2sat.csv,near,0.1,2026,"[1988, 2004, 1996, 2008, 2004]",0.1000000014901161,0.661,0.725,0.98
16,teacher_pilot,so2sat,adaptive,so2sat_adaptive__teacher_near__none,43,teacher_pilot__so2sat_adaptive__teacher_near__none__seed43,84.3,84.18474912310361,84.7,,1139,144,10,CRY,xyz,global,none,src/sq_seqnn_outputs/so2sat_default_teacher_pilot__so2sat_adaptive__teacher_near__none__seed43/results_so2sat.csv,near,0.1,2026,"[1985, 2017, 2001, 2009, 1988]",0.1000000163912773,0.5395,0.5605,0.9695
17,teacher_pilot,so2sat,adaptive,so2sat_adaptive__teacher_near__none,44,teacher_pilot__so2sat_adaptive__teacher_near__none__seed44,87.05000000000001,86.9956609017532,86.1,,1139,144,10,CRY,xyz,global,none,src/sq_seqnn_outputs/so2sat_default_teacher_pilot__so2sat_adaptive__teacher_near__none__seed44/results_so2sat.csv,near,0.1,2026,"[1995, 2002, 1997, 1996, 2010]",0.1000000014901161,0.518,0.523,0.9765
18,teacher_pilot,so2sat,adaptive,so2sat_adaptive__teacher_near__none_rhoq1,42,teacher_pilot__so2sat_adaptive__teacher_near__none_rhoq1__seed42,90.75,90.6398252668292,90.60000000000001,,1139,144,10,CRY,xyz,global,none,src/sq_seqnn_outputs/so2sat_default_teacher_pilot__so2sat_adaptive__teacher_near__none_rhoq1__seed42/results_so2sat.csv,near,0.1,2026,"[1988, 2004, 1996, 2008, 2004]",0.1000000014901161,0.661,0.725,0.98
19,teacher_pilot,so2sat,adaptive,so2sat_adaptive__teacher_near__none_rhoq1,43,teacher_pilot__so2sat_adaptive__teacher_near__none_rhoq1__seed43,84.5,84.36647522976261,86.35000000000001,,1139,144,10,CRY,xyz,global,none,src/sq_seqnn_outputs/so2sat_default_teacher_pilot__so2sat_adaptive__teacher_near__none_rhoq1__seed43/results_so2sat.csv,near,0.1,2026,"[1985, 2017, 2001, 2009, 1988]",0.1000000163912773,0.5395,0.5605,0.9695
20,teacher_pilot,so2sat,adaptive,so2sat_adaptive__teacher_near__none_rhoq1,44,teacher_pilot__so2sat_adaptive__teacher_near__none_rhoq1__seed44,91.4,91.45441733938053,88.64999999999999,,1139,144,10,CRY,xyz,global,none,src/sq_seqnn_outputs/so2sat_default_teacher_pilot__so2sat_adaptive__teacher_near__none_rhoq1__seed44/results_so2sat.csv,near,0.1,2026,"[1995, 2002, 1997, 1996, 2010]",0.1000000014901161,0.518,0.523,0.9765
