config,dataset,seed,campaign,gate,basis,frontend,n_qubits,n_reup,n_params,hilbert_dim,alpha_source,n_alpha,rcond,theta_init_source,disp_abs,disp_rel,A_init,A_final,chi2_init,chi2_final,deff_init,deff_final,grad2_init,grad2_final,natgrad2_init,natgrad2_final,prop1_relerr_init,prop1_relerr_final,task_grad2_init,task_grad2_final,loss_init,loss_final,head_w_q,head_w_alpha,head_w_skip,seconds
overhead_adaptive,overhead,42,schedule,CX,x,conv,8,2,112,256,data,32,1e-08,frozen_quantum_twin,3.045699864209449,0.07544831686657616,0.9239684223364685,0.9220986854987387,0.8413224752972239,0.839336452881748,72.0,72.0,1.217150469899717,1.2089488769750623,3.0917136168349,3.0776470636299127,0.0002184144787160711,6.180849123103873e-05,0.13993202034066657,0.03080472562288464,0.5107116103172302,0.44882458448410034,2.52931547164917,3.5720558166503906,1.8762109279632568,429.8
overhead_adaptive,overhead,43,schedule,CX,x,conv,8,2,112,256,data,32,1e-08,frozen_quantum_twin,3.5183668877306444,0.0901015690722616,0.8404215425345323,0.9227103532854483,0.8848086988077021,0.8466132774980915,72.0,72.0,0.8116993301865907,0.9857420437937825,2.9277652939571954,3.1043426311742635,0.00012332587714953633,1.1568645803799384e-05,0.5419072513126384,0.022921819015735565,1.0374047756195068,0.5980383157730103,2.981733560562134,3.100203514099121,2.6530191898345947,411.2
overhead_adaptive,overhead,44,schedule,CX,x,conv,8,2,112,256,data,32,1e-08,frozen_quantum_twin,3.509493555151268,0.09025360465668084,0.9512963816452881,0.9502673311657752,0.8501778293415214,0.8338780290089496,71.96875,72.0,1.2677782319841313,1.346316724990603,3.2091661315575344,3.1475222029405137,0.002397155121534787,0.0022791948498743463,0.02387999114228076,0.006333280118960306,0.5588615536689758,0.46842050552368164,2.679016590118408,3.227915048599243,1.9061329364776611,398.1
overhead_adaptive,overhead,45,schedule,CX,x,conv,8,2,112,256,data,32,1e-08,frozen_quantum_twin,3.7057090498757947,0.1003967062481587,0.8338170624755274,0.9222656138911652,0.915524777838151,0.875621273662781,72.0,72.0,0.8558099043589584,1.2670994519977623,3.02171407697355,3.204983759072814,4.3248870596165786e-05,0.0006772220688895541,0.24778782963113244,0.11101442615310766,1.0219149589538574,0.644658625125885,3.287919282913208,3.1893868446350098,3.3098583221435547,396.1
overhead_adaptive,overhead,46,schedule,CX,x,conv,8,2,112,256,data,32,1e-08,frozen_quantum_twin,3.5416521671344485,0.08679331744268227,0.8711895621081798,0.9681571846519078,0.9363124092757895,0.8541917908969453,72.0,72.0,1.0493253042031532,1.305442809576207,3.247588256731736,3.301245934169666,6.990980256589268e-13,6.017026125852371e-05,0.051787643045814756,0.03099600426859733,0.5909827947616577,0.47062480449676514,2.4312055110931396,3.756838798522949,2.8915133476257324,392.9
overhead_adaptive,overhead,47,schedule,CX,x,conv,8,2,112,256,data,32,1e-08,frozen_quantum_twin,2.6069089292670835,0.07033667109718787,0.9091757847699541,0.9363366138832028,0.8746732619122517,0.8641970898358129,72.0,72.0,1.2063372086500435,1.073939860607972,3.1547012435139523,3.2256567961444733,0.0003332168164406738,2.337228064161325e-05,0.016307155415509794,0.007376294065441809,0.4596376419067383,0.4457465410232544,2.2403249740600586,2.9357004165649414,2.686126947402954,401.2
overhead_adaptive,overhead,48,schedule,CX,x,conv,8,2,112,256,data,32,1e-08,frozen_quantum_twin,3.308977749176693,0.08970045320197817,0.9104561045742332,0.9453766163829616,0.8973017803259149,0.8542486238689072,72.0,72.0,1.112132975879513,1.1132837107487568,3.2531155506508447,3.2231712750559973,0.0005941954566862006,0.0002909247862650677,0.237595482743313,0.03989176482683537,0.8253080248832703,0.7516229152679443,2.7019972801208496,4.210734844207764,3.0826451778411865,400.1
overhead_adaptive,overhead,49,schedule,CX,x,conv,8,2,112,256,data,32,1e-08,frozen_quantum_twin,3.5847076900337704,0.10325110029451512,0.87366247332895,0.8505035276706223,0.9277466195668449,0.923383137816542,72.0,72.0,1.150946522769581,0.7947059514897155,3.2228371486393326,3.1192106960671326,0.0005558846131177331,3.365554033128254e-05,0.4186977225920629,0.028615329240875745,0.8827632665634155,0.5155803561210632,2.7247161865234375,3.6876156330108643,3.074781656265259,398.5
overhead_adaptive,overhead,50,schedule,CX,x,conv,8,2,112,256,data,32,1e-08,frozen_quantum_twin,3.2187050748638653,0.08032559205558579,0.9401812434728346,0.9478327884061057,0.8093775495322291,0.8566420232783178,72.0,72.0,1.3361465048814645,1.0931901461766267,3.0124299263067673,3.2226421122403304,0.00027080797738986346,0.0015596938176348717,0.23739066990498567,0.11982516876575541,1.0595335960388184,0.7875782251358032,2.4532721042633057,3.053762197494507,2.761981725692749,397.6
overhead_adaptive,overhead,51,schedule,CX,x,conv,8,2,112,256,data,32,1e-08,frozen_quantum_twin,2.7743895790088837,0.07845896322446584,0.9012875135676557,0.9129126740073976,0.8694046505489829,0.8335448665533554,72.0,72.0,1.2764049229465848,1.2231091920437396,3.1159575062322875,3.0093809675115875,0.0002798524526801603,0.00017520281553271857,0.010533011601823232,0.00263453577972973,0.45520374178886414,0.396171510219574,2.2728428840637207,3.717189311981201,2.087930917739868,409.9
